j,BOSS变种,BOSS名称,介绍（简）,介绍（详）,小贴士,背景故事,留空列
0,0,洞君,"cos马里奥的大号鼹鼠，因为很会钻lou洞所以躲过了不少律师函警告。擅长修筑管道与踩踏破坏。

通用机制：
<无底洞>：会使位于其上的非BOSS与非人物单位摔落，持续一段时间后消失。
<管道>：总是以对的形式出现，且一侧的管道被破坏会导致另一侧的管道也被破坏；能传送正对着管道方向的直线射弹以及老鼠单位至另一侧管道处，对于背面的直接射弹与老鼠则不会发生任何交互；被摧毁时会在原地留下一个<无底洞>。

技能描述：
<修筑管道>：洞君分别在两处挖出两个<无底洞>并在修筑一对<管道>，然后可能会向左侧跳跃若干次，踩踏跳跃的卡片。
<踩踏事故>：洞君跳跃若干次，踩踏卡片，还有可能在最后一次跳跃时对3*3范围内的单位造成一定时长的晕眩效果。","这是玩家们会遇到的第一个BOSS，但是它并不平庸，也绝非等闲之辈。从第一战中告诉玩家，美食大战老鼠进化版的BOSS战主要基调也是维持阵型完整性的前提下对BOSS造成伤害，以逐步击破BOSS。
以下是该BOSS的通用机制：
<无底洞>：生成时会强制摧毁其上的载具类卡片，依附于格子上，使该格子具有<高空地块>的功能（会使位于其上的非BOSS单位摔落）以及不可安放卡片的功能，在生成后${CaveAliveTime=(15)}秒会消失。
<管道>：依附于格子上，使格子不可安放卡片，拥有${Pipeline_Hp=(900)}生命值，总是以对的形式出现，且一侧的管道被破坏会导致另一侧的管道也被破坏，不被投掷类攻击视为攻击目标，正面能够吸收直线型弹幕，并将之从另一侧管道的正面射出；对于老鼠单位来说，迎着管道口的老鼠也可以被管道传递到另一侧；<管道>不免疫爆炸灰烬效果，这意味着只要一个炸弹类卡片就能摧毁管道。以任何形式被摧毁时且不在<高空地块>上都会在当前格子留下<无底洞>。
传送效果对BOSS无效。

以下是该BOSS的技能描述：
<修筑管道>：洞君挖洞消失并在原地留下一个<无底洞>，在右侧二列中存在有效格子的所有行中随机选择一行出现，自我晕眩${t0_0=(6/3/0)}秒，然后尝试在原地挖掘出一个<无底洞>，随后自身跳跃一格进入<无底洞>，然后在右侧四列中所有含有可攻击卡片的行中随机挑选一行所在格子钻地而出，然后自我晕眩${t0_1=(6/3/0)}秒，之后尝试在自身右侧一格与原先生成<无底洞>的格子处生成一对单向<管道>，然后向左侧进行${num0_0=(0/1/2)}次跳跃，每次跳跃前进2格，并对落地点所在格子造成一次处决效果，自身受到对美食单位${dmg_trans=(100)}%实际伤害的回敬。
如果新修筑的<管道>恰好在原有的<管道>之上，则会立即摧毁原有的那对<管道>。
<踩踏事故>：洞君挖洞消失并在原地留下一个<无底洞>，洞君在右侧一列中存在有效格子的所有行中随机选择一行出现，自身晕眩${t1_0=(6/3/0)}秒，然后进行${num1_0=(2/2/3)}次跳跃，每次跳跃前进2格并对落地点所在格子造成一次处决效果，自身受到对美食单位${dmg_trans}%实际伤害的回敬。最后再进行${num1_1=(0/1/1)}次大跳，造成伤害的同时对3*3范围内的单位造成${StunTime1_0=(3/3/6)}秒的晕眩效果。","*<无底洞>同样也会使敌方单位摔落，因此有时可以利用好<无底洞>来尝试处理一些难缠的敌人。

*<管道>不免疫爆破灰烬效果，这意味着只要一个炸弹类卡片就能摧毁管道。

*有时可以利用<管道>正面传送子弹、背面不传送子弹的特性，实现将两行的直线输出合并到一行以达成强力集火的目的。","从小，我就是在学校里被欺负的那只鼠。哪怕后来辍学去参军，我也逃脱不了在部队被任意支配的命运。

唯一陪伴我的，只有那个破旧的游戏机——还有从不退缩勇往直前的马里奥。

那天，我的游戏机，连同那个英雄版的马里奥一起被践踏成雨中的碎片。先锋鼠军大败而归，生还者拿我出气。

在意识即将涣散的时候，我看到伟大的鼠皇大人降临，他是如此的仁慈而又宽容的爱着他的每一位子民。

“众军听令，这位衣着马里奥服装的勇士将是你们新的首领，代号：洞君。”",
1,0,阿诺,"原老司机车队的成员之一，于夜间出没，喜欢飙车，目中无人，冷酷无情，在飙车的过程中常常不分敌我，因此被老司机车队踢出。手持霰弹枪能同时拥有强大的近战能力以及远距离群体攻击能力。

技能描述：
<霰弹枪>：阿诺闪现到某个位置后使用霰弹枪连续射击若干次，每次发射一枚霰弹，霰弹对接触的第一个友方单位造成大量伤害并溅射3*3范围的友方单位造成较小伤害；若霰弹已移动了一定距离，则会散成3颗弹丸并立即分散至三行，每颗弹丸对第一个接触的友方单位造成中等伤害。阿诺也会重复施放这个技能若干次。
<飙车>：阿诺闪现到某行的右侧一列，准备一定时间后开始飙车，以一定速度向左侧冲刺；冲刺期间若被友方单位阻挡则对其造成百分比碾压伤害，且自身也会受到一定比例的反弹伤害，并降低当前一定百分比的移动速度；冲刺期间也会误撞敌方单位并对其造成一定伤害。","原老司机车队的成员之一，于夜间出没，喜欢飙车，目中无人，冷酷无情，在飙车的过程中常常不分敌我，因此被老司机车队警告过多次。手持霰弹枪能同时拥有强大的近战能力以及远距离群体攻击能力。
	以下为该BOSS的技能描述：
	<霰弹枪>：阿诺在右三列到右五列、第二行到第六行所围成的矩形内 所有 可攻击卡片数量最少的所有格子 中 随机选取某格的右一格作为目标格，闪现消失并在目标格出现，准备${t0_0=(5/2/0)}秒后对自身左侧一格方向使用霰弹枪，连续射击${num0_0=(3/3/4)}次，发射一枚霰弹（霰弹从自身判定中心生成），霰弹对接触的第一个友方单位造成${dmg0_0=(900/900/900)}*(当前攻击力/10)伤害，然后对3*3范围内所有单位造成${dmg0_1=(10/10/10)}*(当前攻击力/10）点范围伤害；若霰弹已移动了0.75格，则会散成3颗弹丸并立即分散至三行，每颗弹丸对第一个接触的友方单位造成${dmg0_2=(25/32/39)} *(当前攻击力/10）伤害。阿诺会重复施放这个技能${count0_0=(1/2/3)}次。
	<飙车>：阿诺从七行中选取含有最靠右侧的可攻击卡片的一行作为目标行，闪现消失，然后闪现出现到目标行的右侧一列，准备${t1_0=(7.5/5/2.5)}秒后开始飙车，以${v1_0=(6/9/12)}的标准速度(即1秒1/1.5/2格)向左侧冲刺，冲刺持续4秒，若被友方单位阻挡则对其造成每1/3秒的50%最大生命值伤害，自身受到该伤害的${dmgRate1_0=(100/100/100)}%的反弹伤害，并降低当前25%移动速度；对接触到的敌方单位造成一次处决效果，不反弹以及降低移动速度。","*推荐在霰弹分裂前就使用低消耗卡片或者炸弹类卡片直接拦截霰弹，或者是提前在霰弹可能分裂后的位置摆放好防御型卡片以多次抵御分裂后中等伤害的小霰弹。将低体力的卡片群暴露在霰弹分裂后的弹道范围内是很危险的。

*在<飙车>时，可以尝试使用低消耗卡片或者炸弹类卡片给它碾压以延缓其前进，保护后方阵线。也可以考虑使用高体力卡片给它碾压以对其造成较高的反弹伤害。","能够成为老司机车队的成员之一，阿诺的车技是毋庸置疑的。

但它冷酷又高傲，经常视鼠命为草芥般在路上横冲直撞，扣动霰弹枪享受着无辜鼠民的鲜血如鲜花绽放般的快感。

车队的其他成员十分震怒，在屡次劝说无果后将其驱逐出队。

失去车队庇护的阿诺受到了鼠民们的报复，大家蜂拥而上欲将其杀之而后快。
他看着自己的身体被愤怒的鼠民一点一点撕咬成碎片，先前的剧痛也变得麻木了起来，却一声不吭。

一道神圣的光芒出现，那个威严的声音萦绕在意识模糊的耳边：“前往战场吧，将你杀戮的快感对准敌军。”

鼠军首领阿诺，准备就绪。",
2,0,法老,"法老王下葬时误被一同下葬的老鼠，后来研习了死灵法术，擅长将尸体用绷带包裹并装入棺材，然后使用魔法将棺材重新投入战场并操纵里面的尸体继续战斗。

通用机制：
拥有两种形态[法老原型]与[法老真身]，两种形态下部分技能具体细节会略微不同。

<诅咒>：受到该效果的目标受到伤害增加；若目标死亡时拥有该效果且一般会在原地掉落一个<棺材盒>，<棺材盒>可以砸晕落地点的单位并造成一定伤害。<诅咒>效果会于一定时间后自行消散。
*<诅咒>对人物与BOSS无效。

<棺材盒>：生成后会在承受一定伤害后或者一定时间揭开盒盖，在揭开盒盖后产生<木乃伊鼠>，若棺材被提前击碎则会立即产生<木乃伊鼠>；棺材盒在一定时间后自毁。

<木乃伊鼠>：拥有原先被诅咒者一定最大生命值百分比的生命值，动作缓慢，被阻挡时会对阻挡者施加<诅咒>效果。

<绷带束缚>：对作用范围内的目标施加<诅咒>效果；除此之外如果是美食单位还会被施加<晕眩>效果，<晕眩>效果持续到离开这个范围为止；炸弹可以直接摧毁<绷带束缚>；<绷带束缚>被移除时一般会在原地生成一只<圣甲虫>；绷带束缚所依附的格子不能放卡。

<圣甲虫>：生命值低且生成时处于晕眩状态，在短时间内也拥有极高的伤害减免效果；会不断加速冲刺，并对第一个阻挡者造成高额伤害，然后自身死亡。

技能描述：
<法老之咒>：[法老原型专属]法老移动到第4行最右侧，对若干列特定行依次释放<绷带束缚>。

<神秘祭祀>：法老移动到特定地点，然后对自身前方纵向三格使用<绷带束缚>效果，该动作可能会重复若干次。

<唤醒仪式>：法老移动到第4行最右侧，然后施术拆解绷带，移除场上所有<绷带束缚>范围效果，然后立即在右1列每行各施放一次<绷带束缚>。

<法老王之咒>：[法老真身专属]法老移动到第4行最右侧，从第1行至第7行，依次对每行最右侧可攻击友方单位所在位置施加<绷带束缚>效果。
*事实上，<法老王之咒>是[法老原型]姿态下<法老之咒>的升级版。","这是一个以召唤为主题的BOSS，也是美味岛的最终BOSS，于是：
法老具有两个形态：<法老原型>与<法老真身>，两个形态下技能组会有所差别。
<法老原型>：外观是一个大型棺材盒，在棺材盒闭合时获得${Defence=(100)}%的减伤，总会以<法老之咒>、<神秘祭祀>、<唤醒仪式>、<神秘祭祀>的顺序循环攻击。
<法老真身>：法老的本真姿态，陆地单位，全程可被攻击，总会以<神秘祭祀>、<法老王之咒>、<神秘祭祀>、<唤醒仪式>的顺序循环攻击。

在“神殿”的普通关中，法老会第一次以最终BOSS登场，并且特别的，在该关卡下法老只会以<法老原型>姿态出现并被击退钻入地下战术撤退。

通用机制：
<诅咒>：受到该效果的目标受到伤害增加${AddDamageRate=(100)}；若目标死亡时拥有该效果且目标当前位置位于左四列中心右侧（不包括左四列正中心），则会在原地掉落一个<棺材盒>，<棺材盒>落地时对半格范围内的单位造成${DropDamage=(50)}点伤害和${StunTime=(2)}秒的晕眩效果。<诅咒>效果会于${CurseTime=(15)}秒后自行消散。

<诅咒>对人物与BOSS无效。

<棺材盒>：盒盖拥有${LidHp=(900)}生命值，盒体拥有${BoxHp=(300)}生命值，生成后，会在盒盖生命值归0时或者${LidOpenTime=(3)}秒后揭开盒盖，在揭开盒盖后产生<木乃伊鼠>，若棺材被提前击碎则会立即产生<木乃伊鼠>；棺材盒在生成的第${CoffinAliveTime=(18)}秒后自毁。

<木乃伊鼠>：拥有原先被诅咒者${MummyHpPecent=(60)}% 最大生命值的生命值，且最少不低于${MummyHp=(100)}生命值，攻击前摇较长且移动速度较慢，被阻挡时会对阻挡者施加<诅咒>效果，自身也免疫<诅咒>效果。

<绷带束缚>：范围效果，进入该范围的目标会被施加<诅咒>效果；除此之外如果是美食单位还会被施加<晕眩>效果，<晕眩>效果持续到离开这个范围为止，范围爆炸效果可以提早移除该效果；该效果以任何形式被移除时且绷带当前位置位于左四列中心右侧时（不包括左四列正中心）会在原地生成一只<圣甲虫>；绷带不会被常规射弹击中且不能被选取为攻击目标，通过范围伤害使得绷带生命值归0时也会提早移除该效果；绷带束缚所依附的格子不能放卡。

<圣甲虫>：拥有${BugHp=(100)}生命值，在生成时处于2秒的晕眩状态，获得持续3秒的99%减伤，之后在4秒内移动速度由0提高到6，被阻挡时立即对阻挡者造成一次处决效果，然后自身死亡；免疫<诅咒>效果。

法老在被击败后会立即解除自身施加的所有<诅咒>效果，并移除所有<绷带束缚>效果。

技能：
<法老之咒>：法老移动到第4行最右侧，然后从右侧第3列起，到右侧第${r0_0=(5/6/7)}列，对该区间的每列依次施术，该法术会选取该列中生命值最高的可攻击友方单位作为目标，然后对其所在位置使用<绷带束缚>效果，如果没有合适的目标则随机取该列的任意一行对应的格子作为目标，之后停滞${t0_0=(3/1.5/0/0/0)}秒。

<法老原型>姿态移动时间为固定的棺材盒闭合、钻地、出土、开盒的时间之和(=7.584)s。

<神秘祭祀>：法老在左侧6列到左侧8列、上侧2行到下侧6行所包裹的矩形开区间中随机挑选一格作为目标地点，然后移动到该目标地点，对自身正前方一格及其上下相邻格正中心使用<绷带束缚>效果，之后停滞${t1_0=(2/1/0/2/1)}秒，然后再重复前述的动作${count1_0=(0/0/0/1/1)}次。

<法老原型>姿态移动时间为固定的棺材盒闭合、钻地、出土、开盒的时间之和(=7.584)s，<法老真身>姿态移动时间为${t1_1=(3/3/3/3/2)}秒。

<唤醒仪式>：法老移动到第4行最右侧，然后施术拆解绷带，移除场上所有<绷带束缚>范围效果，然后立即在右一列每行各施放一次<绷带束缚>，之后停滞${t2_0=(6/4/2/2/0)}秒。

<法老原型>姿态移动时间为固定的棺材盒闭合、钻地、出土、开盒的时间之和(=7.584)s，<法老真身>姿态移动时间为${t2_1=(3/3/3/3/2)}秒。

<法老王之咒>：法老在${t3_0=(3/3/3/3/2)}秒内移动到第4行最右侧，从第一行至第七行，依次对每行最右侧可攻击友方单位所在位置施加<绷带束缚>效果，如果没有合适的攻击目标则本次攻击失效，之后停滞${t3_1=(2/2/2/2/0)}秒。

事实上，<法老王之咒>是<法老原型>姿态下<法老之咒>的升级版。","*法老较多时候会在4路（最中间一行）最右侧出现并停留相当长时间，因此可以考虑在4路布置较高的输出。

*值得注意的是，法老的技能几乎没有直接摧毁卡片的能力，并且都是围绕<绷带束缚>展开的，因此，尝试使用炸弹类卡片处理一些关键位置的<绷带束缚>可以较大程度降低法老的威胁。

*法老很擅长将场上倒下的鼠兵转化成棺材与木乃伊鼠并再度站起来战斗，同时木乃伊鼠也会将美食感染成其同类，在某路失守后圣甲虫也会快速冲锋陷阵；因此也请尽量保持每行有一定火力能压制场上的鼠兵。","我本是一只普通鼠民，平平无奇。

该死的人类侵占了我的领地，甚至将我埋进土里，跟那个裹满绷带的东西一起葬于馆中。

棺材里的咒语折磨着我的身体，同时让我学会了人族古老而又奇妙的死灵法术。

从棺材里爬出来后，我摇身一变成为了万鼠敬仰的法老。

绷带，这确实是个好东西，又有谁知道他们信奉的法老在绷带之下其实只是一个普通的小老鼠呢。

尽管拥有死灵法术的我不再普通。

神殿成为了鼠军与人族的战场，我的过度轻敌使我遭遇了鼠生滑铁卢。

伟大的鼠皇大人并没有怪罪我这个战败的罪人，他赐予我更强大的力量，让我驻守深渊，等待着一雪前耻。",
3,0,冰渣,"鼠国少有的能同时操纵两种本该互斥元素的法师，当心它的冰火交替攻击带来巨大的元素反应。

通用机制：
冰渣拥有两种形态[冰魔法师]与[火魔法师]，并且会在两种形态下不断切换。

<冰魔法>：元素DEBUFF，在施加时，若目标已持有<火魔法>效果，会引发爆炸，对该单位造成大量无来源灰烬伤害。
<火魔法>：元素DEBUFF，在施加时，若目标已持有<冰魔法>效果，会引发爆炸，对该单位造成大量无来源灰烬伤害。

技能描述：
<施放元素法球>：冰渣瞬移到特定行，制造一个元素法球，元素法球元素与当前冰渣元素相同，会快速向前推进并在移动一定距离后产生爆炸，对沿途与爆炸涉及的友方单位施加对应元素DEBUFF与定身效果。
	
<光击>：冰渣瞬移到特定行，发射若干颗<光弹>，一定条件下会再追加一颗<元素弹>；这些子弹一般优先砸向一行中的最后一个友方单位；<元素弹>不会造成任何伤害但是会对3*3的所有友方单位施加对应元素DEBUFF。

*每使用完一次技能循环就会切换成另一种形态。","冰渣总会以固定的顺序出招，具体为：<施放元素法球>、<光击>依次循环；并且，冰渣拥有两种形态：<冰魔法师>和<火魔法师>，起始一般为<冰魔法师>，且在每次技能组循环一遍结束后切换成另一形态，不同形态下的技能效果会有所区别。
为了方便说明，引入以下在该BOSS环境下的特殊机制：
<冰魔法>：在施加时，若目标已持有<火魔法>效果，会引发爆炸，对该单位造成无来源灰烬效果。（对BOSS、人物单位无效），被击败后会移除自身所施加的<冰魔法>效果。
<火魔法>：在施加时，若目标已持有<冰魔法>效果，会引发爆炸，对该单位造成无来源灰烬效果。（对 BOSS、人物单位无效），被击败后会移除自身所施加的<火魔法>效果。
<元素相异>：若自身为<冰魔法师>形态，且目标持有<火魔法>状态效果；或者自身为<火魔法师>形态，且目标持有<冰魔法>状态效果，则称目标与自身<元素相异>。

在基础阶段时，BOSS的技能描述如下：
<施放元素法球>：冰渣瞬移到与自身<元素相异>的可攻击卡片数最多的一行的右一列右侧，然后尝试集中法力产生元素法球，集气需要花费${t0_0=(5/3/1.334)}秒，随即产生元素法球，然后原地停滞${t0_1=(2/1.75/1.5)}秒。
元素法球分为<冰球>与<火球>，描述如下：
	在<冰魔法师>形态下产生<冰球>，<冰球>会向本行左侧快速推进，并向沿途的所有单位施加<冰魔法>与${ice_value0=(100)}点<冰冻损伤>，在<冰球>到达左侧第四列时会爆炸并且对3*3的卡片施加<冰魔法>效果以及${ice_value0}点<冰冻损伤>。
	在<火魔法师>形态下产生<火球>，<火球>会向本行左侧快速推进，并向沿途的所有单位施加<火魔法>与${t0_2=(4/4/4)}秒的晕眩效果，在<火球>到达左侧第四列时会爆炸并且对3*3的卡片施加<火魔法>效果以及${t0_2=(4/4/4)}秒的晕眩效果。
*如果所有行元素相异的卡片数量都一行多，那么选取规则改为选取可攻击卡片数量最多的一行，这种情况一般会发生在这个技能第一次施放时。
*<元素法球>会摧毁沿途的子弹，使用炸弹类型的卡片可以直接摧毁<元素法球>。其初始速度为${v0_0=(3/3/3)}，会在生成3秒后逐渐加速到${v0_1=(2/3/4)}。

<光击>：冰渣瞬移到拥有最接近右侧的最左侧美食单位所在行，蓄力${t1_0=(3/1.5/0)}秒后，发射${num1_0=(4/3/5)}颗<光弹>，然后发射${num1_1=(0/1/1)}发<元素弹>，每发弹幕攻击需要间隔${t1_1=(2.25/2.25/1.5)}秒，然后原地停滞${t1_2=(1.5/0.75/0)}秒。
<光弹>：对目标造成max（${dmg1=(300)}，${hp_percent1=(50)}%最大生命值）的灰烬伤害。
<元素弹>：对3*3范围内的单位施加与自身相同元素的效果（<冰魔法师>的<元素弹>施加<冰元素>、<火魔法师>的<元素弹>施加<火元素>）。
*<光弹>与<元素弹>的索敌逻辑：优先锁定当前行最靠左的（可攻击的，可以被选为攻击目标的）美食单位，若没有目标则默认锁定当前行左一列位置。","*冰渣的元素攻击能造成的破坏力主要来源冰火元素产生的爆炸，因此，保持卡片只持有一种元素会是一个以较低代价规避大面积破坏的方法。

*炸弹类卡片的爆破灰烬效果能直接摧毁元素球，在冰渣放出元素球的一刻使用炸弹能极大程度降低元素球波及的卡片。

*<光击>一般优先攻击一行中的最后一张卡片，可以使用低消耗卡片作为炮灰吸引冰渣的攻击，以防止重要卡片被拆毁。","魔法师无疑是鼠界最受欢迎的职业，但想成为魔法师却需要至高的天赋和不屑的努力。

很不幸，出生于一个魔法师家族的冰渣并未继承到使用魔法的天赋。

父母的厌恶，族人的唾弃与嘲笑如尖刀般时刻都在剜着冰渣的心脏，但幼小的他从未放弃着偷偷练习魔法。

成年那天刚好也是鼠界的新年，冰渣蜷缩在狭小的房间听着外面锣鼓喧嚣，一个神秘的人却走到了自己面前。

冰渣看不见他的脸，却听到了这个世界上最温柔的声音

“孩子，准备好，我们去向世人证明你的价值。”

鼠军首领冰渣，鼠界唯一可以同时使用冰与火魔法的魔法师，在攻下布丁岛那天成为了自己族中钦定的下一任组长。",
4,0,轰隆隆,"鼠国杰出发明家——达文西的初号飞行机器，据前线情报，该机器兼具高机动性、高耐久度、远近距离高破坏力的特性。

技能描述：
<高空压制>：轰隆隆腾空而起，移动到特定的2*2的矩形区域上方，一定间隔后快速下降践踏这个区域，对该区域格子与老鼠单位造成高额伤害，对美食造成伤害会反弹给自己。

<导弹轰炸>：轰隆隆腾空而起，移动到特定行后下降，发射一枚导弹，导弹一般会索向最靠后的友方单位，导弹会对命中的美食单位造成高额爆破灰烬伤害；或者对角色单位施加较长时间的晕眩效果。

<毁灭激光>：轰隆隆腾空而起，移动到特定行后下降，经一定时间蓄力后发射激光，激光几乎能摧毁一行的所有美食与老鼠单位。","轰隆隆总会以固定的顺序出招，具体为：<高空压制>、<导弹轰炸>、<高空压制>、<毁灭激光>依次循环。
在基础阶段时，BOSS的技能描述如下：

<高空压制>：轰隆隆腾空而起，观察场面${t0_0=(1/0.5/0)}秒，后在${t0_1=(4/3/3)}秒内移动到R0行C0列，在空中停留${t0_2=(1/0.5/0)}秒后快速下降践踏这个区域，对该区域所有格子造成一次处决效果，自身受到对美食实际伤害${dmg_trans0=(100)}%反弹伤害，之后原地停滞${t0_3=(3/1.5/0.5)}秒。
*R0为最凸的一行，即含有最靠右侧（位于所在行最右侧的；可被选为攻击目标的； 在右二列左侧的）美食单位的行。
*C0为（R0目标美食所在列的左侧一列 与 右侧四列）中更靠左的一列，但最左不能超过左侧一列。


<导弹轰炸>：轰隆隆腾空而起，观察场面${t1_0=(1/0.5/0)}秒，试图在空中寻找可作为目标的美食单位数最少的一行，然后在${t1_1=(4/3/3)}秒内移动到选中的那行，然后下降，选中本行最靠左侧的可攻击美食单位作为目标，随即发射(1/3/3)枚导弹，导弹落地后对当前格子造成一次灰烬效果，对角色单位造成${stun1_0=(9/9/9)}秒的晕眩效果，之后原地停滞${t1_2=(3/1.5/0.5)}秒。
	可作为目标的美食单位具体为：在格子分类上属于常规卡类或者护罩类；载具类、炸弹类、效果类均不算可作为目标的美食单位。

<毁灭激光>：轰隆隆腾空而起，观察场面${t2_0=(1/0.5/0)}秒，试图在空中寻找可作为目标的美食单位数最多的一行，然后在${t2_1=(4/3/3)}秒内移动到选中的那行，然后下降，在进行${t2_2=(9/6/3)}秒蓄力后发射激光，对激光所经过的每格造成灰烬效果，之后原地停滞${t2_3=(2/2/2)}秒。
这个灰烬伤害分别对每格依次生效，每格中的美食单位按照老鼠的默认攻击顺序依次承受伤害，溢出的部分由同格下一攻击优先级最高的目标接着承受，本行的所有老鼠也会承受等量的灰烬伤害。","*轰隆隆比较喜欢去可作为攻击目标卡片最多的一行或者最少的一行，可以利用这个特性对其进行集火攻击或者避其锋芒。

*在其使用<高空压制>悬停空中即将下压前，可以在该行前方使用樱桃反弹布丁改变友方的直线射弹的方向，使其在下压一刻受到大量伤害。

*可以使用体力高的护罩类卡片保护里面的卡片免受一次激光的秒杀效果。","“天才发明家轰隆隆穷极所有打造飞行器终究还是失败了，喜闻乐见。”

“哈哈哈，什么天才发明家，不过就是吹嘘出来的罢了”

听着无数的嘲笑声，轰隆隆并没有多做解释，因为当下的所有解释都会被作为丑陋的狡辩。他看着鼠群散去只剩自己，凄凉的坐在飞行器边。

他的飞行器确实成功了，却在当众表演的前夕被之前有过节的对家雇鼠毁掉了供飞行器起飞的心脏。

雪地里他跪在鼠皇像前祈祷，希望飞行器的心脏能够回来，直至昏厥……

鼠军首领轰隆隆坐在驾驶舱里，随着他的心脏在无数机械零件中跳动，飞行器缓缓升起。

从今以后他再无法走出这个狭小的驾驶舱，但他坚信，自己依然可以成为鼠皇殿下最得意的将领。",
5,0,粉红保罗,"<海星攻击>：粉红保罗命令章鱼吐出若干个海星，海星会对接触的第一个友方单位造成定身效果并持续吸附。若海星命中前目标已处于定身状态则立即处决目标。

<触手阵>：粉红保罗潜入水下并召唤数只触手，触手会缠住被接触的友方单位，并造成持续伤害。若该单位已被海星吸附则直接将其拖入水中。
<突袭>：粉红保罗从水下出现，对十字范围内进行数次触手猛击，最后一次攻击还会对3*3范围内的所有单位施加晕眩效果。","攻击顺序：P1~P2:<海星攻击> 、<触手阵>、<突袭>。
			P3: <触手阵>、 <海星攻击> 、<触手阵>、<突袭>。
<海星攻击>：粉红保罗从R0行右二列出现，摧毁出现位置的美食单位（包括载具），停滞${t0=(8/4/0)}秒后进行${num0=(5/5/7)}次攻击，每次攻击会选取S0的美食作为目标，对其方向发射海星弹体。海星弹体会吸附命中的美食单位，造成${dmg0=(10/10/10)}点伤害以及晕眩效果；若海星弹体命中时目标已处于定身状态则直接处决目标。
*R0为没有（可被选为攻击目标的，可被攻击的）友方单位的行或者含有最靠左侧（位于所在行最右侧的；可被选为攻击目标的）友方单位的行。
*S0为第Floor(7*当前攻击计数/当前总攻击次数)行最右侧的（可作为攻击目标的，可被攻击的）美食单位，若该行没有合适的单位就默认攻击方向为该行左一列方向。
*海星弹体或者处于吸附状态的海星可以被爆破灰烬效果强制移除。

<触手阵>：自身暂时原地潜水，变得完全不可受攻击。在每行的右侧二列召唤一只触手，然后原地出现探头。触手会不断游荡并且趋向左侧移动（以${v1=(3)}的速度周期性向左移动${t1_0=(3/4/5)}秒，然后向右移动${t1_1=(2/2/2)}秒）；触手本身不被视为攻击目标且不可被击中；触手发现一个（可以被攻击的）美食单位时，便会将其缠住，造成晕眩效果和每3秒10伤害的持续效果，若该美食单位被海星所吸附则将其拖入水中（造成处决效果然后自身消失）。
*若同一行已存在触手则不会再召唤触手；
*触手可以被爆破灰烬效果强制移除；
*当粉红保罗被击败时所有触手也会消失。

<突袭>：粉红保罗从R2行C2列出现，摧毁出现位置的美食单位（包括载具），停滞${t2=(8/4/0)}秒，向四周拍击${num2=(1/2/3)}次，每次对十字范围内每格造成处决效果，自身受到${dmg_trans2=(100)}%对美食单位造成实际伤害。最后一次攻击会对3*3范围的所有单位造成${stun2=(3/6/9)}秒的晕眩效果。
*R2为右侧最凸的一行，即含有最靠右侧（位于所在行最右侧的；可被选为攻击目标的； 在右二列左侧的）美食单位的行。
*C2为（R2目标美食所在列的左侧一列 与 右侧四列）中更靠左的一列，但最左不能超过左侧二列。","*可以更多的使用火炉、酒杯、咖啡杯等低耗费卡片对策<海星攻击>。
*在触手缠住卡片后铲掉卡片也可以立刻清理掉触手。
*在中场较为空缺时，<突袭>会对后排火力造成威胁，可以在较前方放置低耗费卡片引诱保罗。
*可是，从来也没有规定保罗只能在水里，对吧？","你们体验过溺水时的绝望感吗，想要呼救时是有冰冷的水灌入口鼻。

那是我鼠生第一次看到海洋的浪涛汹涌，却不小心掉进了漩涡之中。

为什么人类的家里会有一片不见天际的海？

我感觉自己无法呼吸，呛进肺里的水让我寒冷而又恐惧。

一个粉色的家伙将我托了起来，稳稳的送到岸边。那是一个叫章鱼的家伙，我知道人类很快就要将它杀掉端上餐桌，为了报答他的救命之恩，我决定做些什么。

我做足了万全准备，带他逃离这里，却被门外的捕鼠夹拦腰斩断。

我的生命不断流失，没想到自己终究还是要葬身于今日。不过还好，救了一个命不该绝的家伙。

或许每一只鼠死前都会在脑中放映跑马灯般的影像，我看到鼠皇大人满眼怜悯向我走来……

将领资料：鼠军将领章鱼保罗，下肢被捕鼠夹截断，在鼠皇的恩赐下与那只章鱼合为一体，而昔日险些夺取他生命的水成为了最好的战友。",
6,0,金发玛丽,"<掘沙突袭>：金发玛丽从地里出现，然后命令坐骑横行踩踏至左侧一列后钻入地下；在踩踏期间如果受到灰烬效果则会提前钻入地下。

<回旋镖>：金发玛丽命令坐骑丢出回旋镖，回旋镖会伤害沿途的单位。

<催眠曲>：金发玛丽发动催眠术，晕眩全场单位数秒。","攻击顺序：<掘沙突袭>、<回旋镖>、<掘沙突袭>、<催眠曲>
<掘沙突袭>：金发玛丽从R0行C0列出现，停滞${t0=(6/3/0)}秒后向左侧移动至左一列位置，钻入地下消失。在移动过程中对沿途所有格子造成处决效果，自身受到${dmg_trans0=(100)}%对美食单位造成实际伤害。在踩踏过程中若受到灰烬效果则会立即停止踩踏并提前钻入地下消失。
其中：C0列为左侧${col0=(3/4/5)}列，R0行为（从左一列到C0列之间（可被攻击的，可选为攻击目标的）美食单位数目之和最多）的一行。

<回旋镖>：金发玛丽从第四行右一列出现，停滞${t1=(8/4/0)}秒后让坐骑丢出回旋镖，回旋镖进行一次环形轨迹移动后会回到金发玛丽身边，然后钻入地下消失。回旋镖移动时对沿途所有格子造成处决效果。
*<回旋镖>的攻击距离会随着BOSS生命值的降低而提高；飞行时间为${flyTime1=(2/3/5)}秒。
*<回旋镖>的轨迹的参数方程为:
x = px + a*(cos(θ)-1)
y = py + b*sin(θ)
其中px，py为金发玛丽丢回旋镖时的位置，a=${a1=(1.5/1.5/2.5)}格的宽度，b=${b1=(1/2/3)}格的高度。

<催眠曲>：金发玛丽移动到R2行右侧一列，停滞${t2=(8/4/0)}秒后施法使（可被攻击的）友方单位晕眩${stun2=(3/4/5)}秒，老鼠单位也会受到一半时间的晕眩效果，晕眩持续时间过后钻入地下消失。
R2为（可被攻击的，可选为攻击目标的）美食单位数量最多的一行。","*<掘沙突袭>会攻击左四列卡片数量最多的一行，可以利用此特性引诱玛丽去固定的行数从而保护重要火力或生产。
*<回旋镖>各个阶段的攻击范围不同，但是同一阶段下的攻击范围相同，可以针对不同阶段下的攻击范围放置重要卡片在安全区。
*<催眠曲>虽然会让全场催眠，但是老鼠的催眠时间相对更短，可以适当使用炸弹清理一下场面。","那天我像往常一样去找她聊天，却发现本应从壳中钻出的小螺变成了一个丑陋无比的寄居蟹。

他残忍的吃掉了小螺，鸠占鹊巢，甚至对我张牙舞爪炫耀着我对她无可奈何。

我控制了一个螃蟹，操纵着他的蟹钳将那个可恶的寄居蟹撕成碎片。

为什么，为什么螺儿不能说话呢。

感谢我公正平等的鼠皇大人，他赐予我无上神力。当我吹响螺音，万物将陷于沉寂。

我的小螺永远都是我最亲密无间的伙伴。

“鼠军首领金发玛丽，率十万鼠军攻占薄荷海滩，你想要什么赏赐？”

“回鼠皇，愿我的小螺重回世间。""",
7,0,钢爪皮特,"通用机制：
<钢爪陷阱>：准备完后若所在位置有美食单位则会触发，处决当前格单位。
技能描述：
<大荒星陨>：钢爪皮特从天而降，对自身3*3范围进行一次踩踏攻击，然后向正前方四格召唤<钢爪陷阱>。

<召唤钢爪陷阱>：钢爪皮特在若干列中每列没有卡片的格子中优先召唤一个钢爪陷阱。

<导弹轰炸>：钢爪皮特对自身所在的三行进行数次导弹轰炸，导弹优先锁定生命值最高的美食单位。

<金钢之刺>：钢爪皮特召唤数枚金钢之刺，吸引火力并阻挡攻击。","攻击顺序：<大荒星陨>、<召唤钢爪陷阱>、<导弹轰炸>、<金刚之刺>
通用机制：
<钢爪陷阱>：不被选为攻击目标也不会被攻击；初始需要准备${prepareTime=(3)}秒，准备完毕后只要其所在格有（可被选为攻击目标的）美食单位存在就会触发陷阱：立即处决本格的（可被攻击的）美食与（可被选为攻击目标的）老鼠单位，然后陷阱消失；可以被爆破灰烬效果直接摧毁。
*<钢爪陷阱>仅对BOSS单位造成${dmg=(900)}伤害。

技能描述：
<大荒星陨>：钢爪皮特选取第R0行右侧四列作为落脚点，从天而降，自身停滞${t0=(4/2/0)}秒，先对3*3范围内每格造成处决效果，自身受到${dmg_trans0=(100)}%对美食单位造成实际伤害。再对自身正前方四格召唤<钢爪陷阱>。
*R0为（右侧四列（可作为攻击目标，可被攻击的）美食生命值最高， 但不是第一行或第七行）的行，若无满足条件则随机取2~6行中任一行。

<召唤钢爪陷阱>：钢爪皮特选取第R1_0行右侧四列作为落脚点，从天而降，自身停滞${t1=(4/2/0)}秒，然后从右一列开始到右${right_row1=(4/5/6)}列，对每列选取R1_1行所在的格子召唤<钢爪陷阱>。
*R1_0同R0选取逻辑。
*R1_1为该列（没有可被选为攻击目标、可被攻击的友方单位， 没有其它钢爪陷阱）的行，若没有合适的行则改为（没有其它钢爪陷阱）的行，若还是没有合适的行则本次召唤失效。

<导弹轰炸>：钢爪皮特落到第R2行右侧一列，从天而降，自身停滞${t2=(4/2/0)}秒，然后在(R2-1~R2+1)行范围内所有（可被攻击的，可被选为攻击目标的，在左二列偏左的）的美食单位中分别选取${num2=(3/4/4)}个不重复的生命值最高的美食单位，然后依次对其使用导弹轰炸，导弹落地后对格子造成按投掷攻击顺序的灰烬效果，且对1格范围内的老鼠造成等量爆破灰烬伤害，对人物则造成${stun2=(9)}秒的晕眩效果。
*R2为（可被攻击的美食单位数量）最少的一行。
*若中途已没有合适的单位则会停止发射导弹。
*在发射导弹动作开始时就已确定打击的目标集合，因此在导弹发射过程中放置新卡不会被选为攻击目标。

<金刚之刺>：钢爪皮特选取第R3行右侧四列作为落脚点，选取（可被攻击的）美食单位最多的${num3=(3/5/7)}行分别在其右三列所在格召唤金刚之刺（若该位置没有格子则不会生成金刚之刺），金刚之刺出现瞬间对其上美食单位和老鼠单位造成${dmg3=(3000/3000/3000)}点伤害，金刚之刺持续${t3=(12/9/6)}秒，然后自身解除金刚之刺并且能自由行动；金刚之刺能阻挡直线弹体，并且成为投掷攻击的攻击目标，且承受伤害的${tran_rate3=(5/3/2)}%会转移给钢爪皮特，拥有${burn_defence3=(50)}%的灰烬抗性和（钢爪皮特受到一次灰烬效果的伤害值）的生命值以及100%普通伤害减免。
*R3为（可被攻击的美食单位数量）最多的一行。
*若所有金刚之刺都被提前移除那么钢爪皮特也会提前变得可以自由行动。","*<大荒星陨>与<召唤钢爪陷阱>都会前往右数第四列生命值最高的一行，可以利用此特性布下瓜皮、吐司等卡片引诱皮特以此集火
*<导弹轰炸>会前往美食最少的一行，同时会攻击上中下相邻三行生命值最高的卡，可以铺上较多防御类卡片骗取火力以保护生产与输出
*<金钢之刺>纯粹的挨打技能，会前往美食行数最多的一行，需要注意其与<导弹轰炸>技能的联动。
*<钢爪陷阱>并不是官方的命名，而是同人为了起个合适的名而起的。在此之前，童年时我们一般喜欢称呼这个技能叫*臭脚功*。","在达文西一号驾驶轰隆隆前往前线后，达文西成为了鼠皇的心腹，被授予无数的荣誉以及财富。

但达文西并未用其进行享乐，而是全部用于他的发明研究。

很快，在达文西不舍昼夜的辛苦之下，一个名为皮特的全身布满金属光泽的庞然巨物冲天而起，而落地的刹那间周边岩石全部化为粉末。

达文西发现，制作一个拥有生命的机器，那就需要一个活着的生物去献祭。而那个机器将会完美继承他的天赋与性格。

""你好，达文西，我现在就要走进皮特里吗?""

""你好，达文西二号，你将与皮特一起感受这个世界的鸟语花香。""

达文西二号缓缓走进巨物的内部，与其一同向着芝士城堡飞去。

""报——前线急报:鼠军首领钢爪皮特，是达文西创造出的第二个怪物，危险性极高，若无足够火力，遇到请赶紧逃跑……""",
8,0,地狱屎者,"通用机制：
<鬼影森森>：被动-老鼠也怕鬼，所以在地狱屎者附近的老鼠会自发的增加移动速度与攻击速度。

<鬼火>：知道鬼上身吗？鬼火可以附着在友方单位上，因其彻骨的冰凉所以会降低目标攻击速度，而且在鬼火被摧毁时也会对3*3的单位施加<冰冻损伤>，但鬼火也是火所以被摧毁时也会提供一定火苗能量；鬼火会随着宿主的消亡而消亡；消亡时会幻化作一只幽灵鼠。

技能说明：
<地狱召唤>：地狱屎者召唤出若干<鬼火>并均匀向各行推进。

<冥火权杖>：地狱屎者掷出权杖，权杖可以被攻击且受到伤害的一部分转移给地狱屎者；存在期间玩家放置的新卡片会被直接附加<鬼火>；权杖被摧毁或者回收时会立即移除所有<鬼火>。

<大快朵颐>：地狱屎者吞噬离它最近的几个美食单位，然后睡眠一段时间。

<冥界美味>：地狱屎者蓄力然后制造出来自*冥界的美味*，由于其味道过于*芬芳*所以单位很难抵御，但是单位在其扩散路径的存在可以延缓其气味的扩散。","通用机制：
<鬼影森森>：被动-地狱屎者会持续恐惧以自身为中心3*3范围的单位，对于老鼠单位则使其移动速度与攻击速度增加对应基础值的${AddSpeedPercent=(100)}%。

<鬼火>：向前移动并附着在接触的第一张(可被攻击的)卡片上，降低其${DecAttackSpeedPercent=(20)}%的总攻击速度；自身被移除时会对3*3的所有单位施加${FrozenValue=(40)}点<冰冻损伤>并在原地召唤一只幽灵鼠，提供${ReturnFire=(50)}火苗能量；可被爆破灰烬效果直接移除，或者在所附着卡片被移除时一并被移除。
*鬼火的接触判定无视卡片的不可被选取为目标效果。
*一张卡片只能被附着一个鬼火，若一张卡片即将被两个鬼火附着，后来的鬼火会在抵达时直接自毁。
*若鬼火在左侧四列中心偏左处被移除，则不会再产生幽灵鼠；若鬼火走到左侧一列中心则会直接自毁。

技能说明：
<地狱召唤>：自身瞬移到R0行的右侧一列，在${t0=(4/3/2)}秒内共召唤${num0=(3/5/7)}个<鬼火>，然后将<鬼火>均匀推向各行。
*R0为（可以被选为攻击目标，可被攻击的）美食单位最少的行。
*<鬼火>在抵达对应行之前处于无敌状态。

<冥火权杖>：自身瞬移到R1行的左侧五列，停滞${t1=(6/3/0)}秒后掷出权杖；权杖存在期间每张新放置的卡片都会被附加上<鬼火>；权杖受到伤害的${tran_rate1=(50)}%会传递给地狱屎者，拥有${burn_defence1=(50)}%的灰烬抗性和（地狱屎者受到一次灰烬效果的伤害值）的生命值以及100%普通伤害减免。
；被摧毁或者回收时立即移除所有<鬼火>。
*R1为（可以被选为攻击目标，可被攻击的）美食单位最多的行。

<大快朵颐>：自身瞬移到R2行的右侧一列，思考要吃什么${t2_0=(6/4/2)}秒，选取（离自身最近的，但不能是左侧二列偏左的）${num2=(3/4/5)}的美食单位在${t2_1=(1.25/1/0.75)}秒内吞噬，吞噬时自身会受到相当于被吞噬目标${rebound_rate2=(100)}%当前生命值的反弹伤害，然后睡眠T2秒。
*R2为最凹进去的行。（意思是：该行最右侧的可攻击卡片在所有行的同条件卡片中最靠左侧，即呈现凹进去的形状）。
*T2为吞噬的卡片（消耗能量之和）/(${num2}*15)秒，但最大不能超过10秒，最小不低于1.334秒。（有消耗增值的卡片按初始消耗计算）
<大快朵颐>的吞噬选取无视卡片的不可被选取为目标效果。

<冥界美味>：移动到R3行（C3右侧二列的）列位置准备${t3_0=(8/5/2)}秒后制造出来自*冥界的美味*；*冥界美味*无法被强制移除且所在格暂时无法放置卡片，并持续对所在位置的美食与老鼠单位造成处决效果（对BOSS无效），对人物单位造成晕眩效果；*冥界美味*的产生的气息每${spreadTime=(1)}秒会向以*冥界美味*为中心上下左右四个方向扩散；如果气息所在格子有（可攻击的）美食单位则对该格每秒造成X3无来源伤害并暂时终止扩散，气息也会对老鼠单位与人物单位造成持续的晕眩效果；*冥界美味*一共持续${t3_1=(4/6/8)}秒，持续时间结束时*冥界美味*与气息同时消失，然后自身尝试回收<冥火权杖>。
*R3为（可被攻击的）最左最右美食距离最大的行，C3为R3行中靠最左侧与最右侧美食之间的中点所在的列。
*X3=max(${min_dmg3=(25)}，${percent_dmg3=(10)}%目标最大生命值)。
**冥界美味*会在屎者被击败后立即消失。","*屎者会前往卡片最多的一行使用<冥火权杖>技能，可以利用此特性提前布置火力点
*屎者一般会在左数第四列释放<冥界美味>，在左数第三第四列提前布置瓜皮或在*美味*四周布置防御类卡片能有效阻止此技能的伤害","人类一直觉得，老鼠是堪比粪便般肮脏的生物。

他们总是尖叫着用最残忍的手段虐待每一只鼠，却不知在鼠们的心中人类才是最恐怖的动物。

我是一只悲惨到令所有老鼠在深感同情的同时又忍不住大肆嘲笑的鼠。

那天，我像往常一样出门觅食， 却遇到了可怕的人类。他们满脸嫌弃的将我拎起来，说着老鼠是一个只配与垃圾为伍的生物，将我扔到了他们终日积攒着那些恶臭秽物的粪坑中。

我从未想过自己会这样死去。

感谢吾皇的恩赐，我从地狱归来。

“大人，鼠军首领地狱屎者，是个彻头彻尾的疯子，您为什么……""

“因为人间，本就不需要净士""",
9,0,针头男爵,"通用机制：
<血族体质>：受到灰烬效果时会受到额外伤害，自身减免常规伤害。

<血族仆从>：被针头男爵袭击过的无辜老鼠，失去意识，渴望鲜血。具有吸血鬼的特性：对常规攻击手段有一定抵抗能力；怕光（然而是怕炸）；嗜血嗜咬（啃得比别人更快更狠）；不受控制；会向宿主上供鲜血。

<啮齿蝠>：尽管老鼠和蝙蝠长得很像，但它们并不是近亲，所以啮齿蝠又是什么神奇的造物呢？
*蝙蝠是在天上飞的；
*是病毒的传播者，会袭击想靠近的目标；
*最好的办法还是烧掉吧；
*电脑上有一款和啮齿蝠抢占地盘的心胸狭隘的游戏（？）

技能描述：
<召唤啮齿蝠>：针头男爵召唤出若干只<啮齿蝠>并派遣它们抢占地盘；

<瘟疫异变>：针头男爵为向一个区域内所有单位注射病毒，处决区域内的美食单位，并将区域内的老鼠单位恢复满生命值并施加<血族仆从>效果。

<崩坏>：针头男爵引领吸血鬼超凡的力量，对地面进行一次切割攻击，使裂缝上的单位坠亡，而<啮齿蝠>也会从裂缝中出现。","技能顺序：
P1：<召唤啮齿蝠>、<瘟疫异变>*2、<崩坏>。
P2：<召唤啮齿蝠>、<瘟疫异变>*3、<崩坏>。
P3：<召唤啮齿蝠>、<瘟疫异变>*3、<崩坏>*2。

通用机制：
<血族体质>：每当受到爆破灰烬伤害时，会额外损失${burn_lost_hp_percent=(2)}%已损失生命值；自身受到的常规伤害降低${dec_dmg_percent=(25)}%。


<血族仆从>：被针头男爵袭击过的无辜老鼠，失去意识，渴望鲜血。
*是一个BUFF，目标获得${add_moveSpeed_percent=(100)}%的基础移动速度、${add_attackSpeed_percent=(100)}%基础攻击速度、${add_attack_percent=(100)}%基础攻击力加成
*受到常规伤害降低${dec_dmg_percent}；
*会直接被爆破灰烬效果处决；
*免疫定身效果与减速效果；
*每秒损失${lost_hp_percent=(5)}%最大生命值，针头男爵同时回复等量生命值。

<啮齿蝠>：尽管老鼠和蝙蝠长得很像，但它们并不是近亲，所以啮齿蝠又是什么神奇的造物呢？
*空中单位，拥有${bat_hp=(900)}点生命值
*会直接被爆破灰烬效果处决；
*有四种状态：
占据：会长时间占据某一格，一个格子只能被一只啮齿蝠占据；
吸附：吸附在某个单位上并跟随移动，一个单位只能被一只啮齿蝠吸附；
回收：往针头男爵的方向以${recycle_velocity=(12)}的速度飞行，与针头男爵接触后被回收，为针头男爵回复${heal_percent=(0.5)}%最大生命值。
游离：不处于以上三种状态。
*非回收状态下的啮齿蝠会在生成后${recycle_time=(30)}秒内被针头男爵回收。
*若所占据的格子上有美食单位，则每秒对该格子上默认攻击优先级最高的美食单位造成${attack_percent=(10)}%最大生命值真实伤害；
*可以吸附在敌方单位上，方式为：占据状态下有非BOSS敌方单位经过，或者由针头男爵直接派遣吸附；被吸附的敌方单位会被转化为<血族仆从>。
*每当吸附单位阵亡时，啮齿蝠会占据该单位所在的格子；
*当啮齿蝠没有满足可占据的格子或者吸附的敌方单位时，或者是占据的格子位置超过左侧四列的位置时，则会进入回收状态。
*针头男爵被击败后啮齿蝠会消失。

技能说明：
<召唤啮齿蝠>：针头男爵在${t0_0=(2/2/2)}秒内移动到第四行的右侧一列，在${t0_1=(5/3/1)}秒内召唤${num0=(3/5/7)}群<啮齿蝠>，然后将<啮齿蝠>均匀推向各行的C0列所在格子处并将其占据，然后停滞${t0_2=(3/2/1)}秒。
*C0为目标行中（最靠右边的，可攻击的，未被啮齿蝠影响的）美食单位所在列与右侧${left_col0=(3)}列偏左者。

<瘟疫异变>：针头男爵选择场上（最大生命值最高的，地面的，非<血族仆从>）的非BOSS老鼠，然后在${move_time1=(2.5/1.75/1)}秒内移动至该老鼠位置，对自身一格范围内的所有美食与老鼠单位进行一次袭击，自身损失X1点生命值，处决该格所有可攻击的美食单位，并将该格所有非BOSS老鼠单位恢复满生命值，并附加上<啮齿蝠>以及<血族仆从>效果，然后停滞${wait1=(2/1/0)}秒。
*X1为（被处决的美食单位剩余生命值之和+被影响老鼠单位已损失生命值之和）；若针头男爵生命值百分比小于${hp_percent1=(10)}%，则X1为0；且X伤害最多只能使针头男爵生命值降至${hp_percent1}%。
*若没有合适的老鼠作为单位，则转而选美食单位，若还无则随机袭击一格。
*重复${num1=(2/3/4)}次。

<崩坏>：针头男爵在${move_time2=(2/2/2)}秒移动到右上角或者右下角，蓄力${wait_time2_0=(4/2/0)}秒后对左下角或左上角方向进行一次斜切攻击，斜切的裂缝会使接触的单位坠亡（对BOSS与人物单位无效），<啮齿蝠>会从裂缝中沿途陆续出现，一条裂缝一共产生${count2=(3/4/5)}只<啮齿蝠>，裂缝持续${break_aliveTime2=(0)}秒，释放完裂缝后停滞${wait_time2_1=(5/3/0)}秒。
*<崩坏>的第一次攻击默认在右上角，后一次攻击总与前一次攻击的位置不同。
*温馨提示：炸弹能把裂缝封上这种滑稽事真的可能发生吗？
*重复${num2=(1/1/2)}次。","*被男爵<瘟疫异变>技能感染的老鼠极具攻击性，不要犹豫！使用炸弹！
*<血族体质>让男爵更容易受到炸弹伤害，注意控制一下炸弹冷却，尽量在狂暴阶段一次性将其击败防止男爵一次性回收蝙蝠回血。
*温馨提示：炸弹能把裂缝封上这种滑稽事真的可能发生吗？啊？原版针头男爵说话说话！
*可是吸血鬼又不是年兽为什么会怕炸呢？","人间一直盛行着吸血鬼惧怕银针的传说，鼠界也是。

我是伯爵的长子，也一只生来患有眼疾的鼠，畏惧见光。常年的缺少阳光照拂使我身体苍白而又虚弱。

庄园内外的鼠都称我为吸血鬼，视我为不祥。

只有我的父母一如既往的爱着我，像爱个正常的孩子一样。

好景不长，我的父母在一次外出时遇难，离开了这个世界。

而继承了伯爵头衔的我，更坐实了我会带来不幸的谣言。

民众举着火把点燃了我的庄园，将我拖到阳光下用一根根来自人类的银针穿身体，万针穿心。

鼠皇万恩，他恢复了那个本应成为灰烬的庄园，并赐予我一幅真正的吸血鬼身躯用以新生，而那些夺走我生命的银针将会成为我复仇的武器。

鼠军首领针头男爵，善于夺取他人的生命为自己所用。

常年驻守于抹茶庄园，他曾经的家。",
10,0,迷雾朱莉,"<制造迷雾>：迷雾朱莉在右侧若干列制造持续时间一定的<迷雾>。

<燃烧弹>：迷雾朱莉投放燃烧弹，对十字范围内的单位造成灰烬效果，烟火过后产生持续时间一定的<迷雾>。

<恢复信号>：迷雾朱莉架起恢复信号塔，为全场非BOSS敌方单位恢复生命值，溢出的部分会转化为护盾，持续若干秒。

<支援信号>：迷雾朱莉架起支援信号塔，大幅度提高全场非BOSS敌方单位的攻击属性与防御属性。","技能顺序：<制造迷雾>、<燃烧弹>、<恢复信号>、<燃烧弹>、<支援信号>

<制造迷雾>：自身在${move_time0_0=(2/1.75/1.5)}秒内移动到第一行右一列，然后向第七行移动并依次在每行的右${right_col0=(2/2/2)}列到右一列之间释放<迷雾>，移动时间为${move_time0_1=(3/2.5/2)}秒，使经过的格子拥有持续${fog_alive_time0=(40/40/42)}秒的<迷雾>效果。
*被击败后移除此技能产生的<迷雾>。

<燃烧弹>：自身在${move_time1_0=(2/1.75/1.5)}秒内移动到R1行右侧一列，落地并填充燃烧弹${wait_time1=(4/2/0)}秒后再升空，然后在${move_time1_1=(2/1.75/1.5)}秒内移动到该行右五列，投放燃烧弹，对范围内的格子造成灰烬效果，并留下持续${fog_alive_time1=(20/20/20)}秒的<迷雾>效果，燃烧弹还会向以投放点为中心上下左右四个方向各扩散${num1=(1/1/1)}次（十字型）。
*R1为右五列拥有最高当前生命值（可选取为攻击目标的，可被攻击的）卡片的行。
*被击败后移除此技能产生的<迷雾>。

<恢复信号>：自身在${move_time2=(2/1.75/1.5)}秒内移动到R2行右三列，落地然后架起恢复信号塔，每秒为老鼠（BOSS除外）恢复${heal2_0=(7.5/10/15)}%最大生命值，溢出的恢复会转化为护盾，持续${t2_0=(12/9/6)}秒，结束后起飞。
*R2为（可被攻击的，可被选为攻击目标的）卡片数之和最少的一行。

<支援信号>：自身${move_time3=(2/1.75/1.5)}秒内移动到R3行的右二列，落地然后架起攻击信号塔，为全场老鼠（BOSS除外）提供${add_defence_percent3=(35)}%的伤害减免、${add_attack_percent3=(75)}%的基础攻击力、${add_attackSpeed_percent3=(75)}%的基础攻击速度加成，加成持续${t3_0=(16/20/24)}秒；施放完支援信号后停滞${wait_time3=(7/5/3)}秒，然后起飞。
*R3为非BOSS老鼠数量最多的一行。","*朱莉的<制造迷雾>会让右两列持续一段时间迷雾，卡片在其中会很安全。
*朱莉会前往卡片最少的一行使用<恢复信号>，可以有意提升其他行数的卡片或削减特定行数的非输出卡以达到集火的目的。
*朱莉的一系列技能组配合对后排的敌人会让你的后场轻易瓦解，所以请尽可能在后场套好瓜皮或者布置防御型卡片！
*从来没有任何人规定辅助不能打输出啊。","达文西在制作好钢爪皮特之后，受鼠皇邀约前往前线进行考察。

地点刚好是轰隆隆所驻守的咖喱岛。

那里雾霭氤氲，杂草丛生，是作战双军都叫苦不迭的恶地。达文西凭着自己高强的野外生存能力也险些迷路。他在回到自己的研究所后，闭门不出数个日夜，直到""朱莉""的问世。

朱莉与皮特如双生子般完美，令达文西非常满意的作品。重要的是，它有着召唤如同咖喱岛般蒙蒙迷雾的功能。

但是不知道为什么，克隆机接连两次出现故障，终于在第三次诞生了能够与朱
莉融为一体的达文西三号。

而出现故障的两具身体，被达文西弃置在废品站，连同之前研究失败的“皮特”与""朱莉”的残次品一起。

在朱莉前往玛奇朵港的第三天，人类收到了来自它的战书:“鼠军首领迷雾朱莉，在玛奇朵港期待您大驾光临。”",
11,0,嗡嗡中尉,"<旋风攻击>：嗡嗡中尉使用螺旋桨释放一道旋风，旋风在摧毁若干个友方单位后会消失。同时产生一个很强力的<风域>协助敌方单位行进。
*很想知道为什么风可以被炸成灰烬

<顺风快递>：嗡嗡中尉使用夹子掩护并协助一行的老鼠前进若干格，到达终点时再为它们搭上顺风车。

<机枪扫射>：嗡嗡中尉使用机关枪在一条线段内进行数次扫射。

<空中支援>：嗡嗡中尉进行一次俯冲，并召唤出数只飞行老鼠。俯冲期间会对自身最近三行制造强力<风域>，并在自身后方留下持续一定时间的尾气（本质是<迷雾>）。","技能顺序：<旋风攻击>、<顺风快递>、<机枪扫射>、<空中支援>

1、<旋风攻击>：嗡嗡中尉在${move_time0=(2)}秒内移动到R0行右一列，停留${wait0=(4/2/0)}秒后施放一道<旋风>。
*R0为（可被攻击的）美食单位数最少的一行。

<旋风>：属于敌方单位。
*向左移动，速度为${v0=(2)}。
*会被视为一个可攻击目标，能摧毁接触的友方弹体。
*对卡片攻击造成处决效果，在发动${num0=(1/2/3)}次攻击后会消失。
*可以被爆破灰烬效果处决。
*能在当前行制造一个非常强力的向左<风域>，具体数值为：在${acc_time0=(0.5)}秒内加速至${v0=(9)}速度，然后匀速${av_time0=(0)}秒，然后在${dec_time0=(1)}秒内减速至0，消失。

2、<顺风快递>：嗡嗡中尉在${move_time1_0=(2)}秒内移动到R1行右一列，伸出夹子，停滞${wait1_0=(4/2/0)}秒后向前推进直至右${right_col1=(4/5/5)}列停下，推进时间为${move_time1_1=(2)}秒，推进期间会携带所接触的敌方单位一起前进。达到终点时收起夹子，并施放一道向左<风域>，然后停滞${wait1_1=(4/2/0)}秒。
*R1为非BOSS老鼠数量最多的一行。
*<风域>的具体数值为：在${acc_time1=(0.5)}秒内加速至${v1=(9)}速度，然后匀速${av_time1=(0)}秒，然后在${dec_time1=(1)}秒内减速至0，消失。

3、<机枪扫射>：嗡嗡中尉在${move_time2_0=(2)}秒内移动到点P2_0，停滞${wait2=(6/3/0)}秒后确定另一个点P2，然后在${move_time2_1=(4/3/2)}秒内移动到P2_1，并对沿途的格子进行扫射，每0.25秒对所在的格子造成${dmg2=(5/10/20)}伤害，对老鼠效果为处决，若该格子没有可攻击的美食目标则会立即摧毁该格的云上载具。
*点P2_0为右侧最凸的那一行最靠右的可被攻击美食所在位置。
*点P2_1为右侧最凹的那一行最靠右的可被攻击美食所在位置。
*其实中尉的实际位置为该技能描述位置的右一格，而中尉的射击攻击点位为自身实际位置的左一格。

4、<空中支援>：嗡嗡中尉在${move_time3_0=(2)}秒内移动到R3行右一列，停滞${wait3_0=(4/2/0)}秒后对该行进行俯冲，在${move_time3_1=(2)}秒内俯冲距离${dash3=(3/4/5)}格后会停下来，停留${wait3_1=(4/2/0)}秒。俯冲时有如下动作：
*在自身附近三行制造出强力向左<风域>，其具体数值为：在${acc_time3=(0.5)}秒内加速至${v3=(6)}速度，然后匀速${av_time3=(1)}秒，然后在${dec_time3=(0.5)}秒内减速至0，消失。
*在自身后方留下<迷雾>，持续${fog_time3=(6)}秒（其实是尾气）；
*每俯冲${dist3=(1.5/1.5/1.5)}格后会在自身两侧相邻行投放种类为${type3=(6/6/6)}、变种为${shape3=(0/0/1)}的老鼠。

*R3为（可攻击的）美食单位数最多的一行。","*中尉的<顺风快递>突进性能较强，需要及时使用炸弹解决被带至中场的老鼠
*<机枪扫射>在阵型不稳固时极具攻击性，需要尽量保证最前面一列的稳定性
*可是，为什么中尉开着飞机，又是隶属鼠国空军部的，却是地面单位呢？","嗡嗡中尉还是一个普通的鼠军飞行学员时，就希望自己有一天可以前往战场。

那时候的人间与鼠界还没有什么太大的纷争，只是在有争议的领土上小摩擦不断。

他曾断定，将来人鼠战争一定会爆发。

那时候的自己一定会在前线成为一名优秀的飞行员。

几年后，人鼠战争如他所料在一夜间爆发，殃及大小岛屿无数。而刚毕业的他毫不犹豫选择参军，奋勇杀敌，被授以一级中尉军衔，更是成为了上尉候选人。

嗡嗡中尉凭一己之力让整片棉花糖天空成为了鼠军的领地，人类的武器在他面
前不值一提。

为了他深爱的鼠国，嗡嗡中尉在一次又一次的战斗中挥洒鲜血直至牺牲。

那天，无数鼠兵为其祈福，更有甚者愿用自己的生命换取嗡嗡中尉的复生。

在魔法师们集体举行的祭祀仪式上，诸多勇者争先恐后用匕首划破自己的手腕，滚烫的鲜血汇聚在阵法的中心形成诡异图案。

低沉的咒语声唤醒了本应永远沉睡下去的鼠，嗡嗡中尉在众鼠的呼唤中返生。

鼠军首领嗡嗡中尉，深得军心，是唯一位众鼠向鼠皇 请愿而成的首领。",
12,0,暴躁杰克,"通用机制：
<炎弹>：火焰弹，在着陆后会转化为临时<岩浆>。

<非核心部分>：暴躁杰克的非核心部分，可被阻挡，且对接触的美食单位造成持续的灰烬伤害；受到伤害的一部分转移给暴躁杰克本身；在消失后会产生临时<岩浆>。

<核心部分>：暴躁杰克的核心部分，性能比<非核心部分>更强，受到伤害会以更高的倍率转移给暴躁杰克本身。

技能描述：
<熔岩重击>：暴躁杰克对前方三格进行一次重击，对这些格子造成处决效果并晕眩自身前方3*4范围内的所有单位。在生命值较低时重击还会额外产生一次十字<炎弹>。

<熔岩战车>：暴躁杰克起跳，化为陨石向每行砸去，期间身体的<非核心部分>与<核心部分>不断向前移动，持续一定时间后停止。

<陨石雨>：暴躁杰克对每行进行一次陨石轰炸，轰炸最靠前排的美食单位，最后一次轰炸会掉落<核心部分>并迸发一次两格的十字<炎弹>。","通用机制：
<炎弹>：投掷的火焰弹幕攻击；
*在当前位置产生持续${p_lava_time0=(10/15/20)}秒的<岩浆>。

<非核心部分>：暴躁杰克身体的非核心部分。
*对接触的美食单位每0.25秒造成${p_dmg1=(10/15/100)}灰烬伤害，同时被阻挡; 对接触的老鼠单位造成等量伤害。
*受到折前伤害的${p_dmg_trans1=(10)}%会传递给本体。
*拥有${p_hp1=(1800)}点生命值，${p_defence1=(50)}%的减伤和${p_burn_defence1=(50)}%的灰烬抗性。
*正常阵亡与灰烬阵亡视为破裂，破裂时在当前位置产生持续${p_lava_time1=(10/15/20)}秒的<岩浆>。

<核心部分>：暴躁杰克身体的核心部分。
*对接触的美食单位每0.25秒造成${p_dmg2=(225/450/900)}灰烬伤害，同时被阻挡; 对接触的老鼠单位造成一次上述伤害。
*拥有等同于暴躁杰克最大生命值的生命值，以及暴躁杰克当前的灰烬抗性；受到折前伤害的${p_dmg_trans2=(60)}%会传递给本体。


技能描述：
<熔岩重击>：暴躁杰克在${move_time0=(2/1.75/1.5)}秒内移动到R0行左侧四列，停滞${wait0_0=(4/2/0)}秒后对前方三格进行一次重击，对格子与老鼠单位造成处决效果，自身受到对美食单位实际伤害的${dmg_trans0=(100)}%作为回敬，并在中间格迸发${num0=(0/0/1)}次十字的<炎弹>，然后震晕自身前方3*4范围的所有单位，持续${stun_time0=(3/6/9)}秒；自身再停滞${wait0_1=(2/1/0)}秒。
*震晕效果neta自原版杰克使用重击后会暂时使其前方卡片罢工的BUG。
*R0为第一次攻击默认去第2行，第二次攻击去第6行，然后按这个顺序执行。

<熔岩战车>：暴躁杰克起跳，在空中将自身拆分成7份，化身为陨石向每行的右${right_column1=(1/1/2)}列砸去，落地时对当前格与老鼠单位造成处决效果，自身受到对美食单位实际伤害的${dmg_trans1=(100)}%作为回敬，并迸发一次十字的<炎弹>；其中为6份<非核心部分>和1份<核心部分>并对每行进行滚动攻击，速度为${v1=(1.5/2/3)}，滚动攻击持续${move_attack_time1=(20/15/10)}秒，随后非核心身体原地破裂，自身再次融合出现，并停滞${wait1=(6/3/0)}秒；
*核心部分总会在第四行发动攻击。

<陨石雨>：暴躁杰克进行7次落石攻击，每次攻击间隔${interval2=(2/1.5/1)}秒，前6次落下的为<非核心部分>，落地时对当前格与老鼠单位造成处决效果，自身受到对美食单位实际伤害的${dmg_trans2=(100)}%作为回敬；最后一次落下<核心部分>，落地时额外发一次二格长的十字<炎弹>；<核心部分>落下后${wait2_0=(7/5/3)}秒后所有<非核心部分>破裂，自身再次融合出现，并停滞${wait2_1=(6/3/0)}秒；
*此处的<非核心部分>额外获得${defence2=(50)}%减伤。
*每次落石的行数均不同，而选取列为该行最右美食单位所在列；每颗落石的位置以及顺序在一开始就确定了，顺序是按（可攻击的）美食单位数目的行升序排列（就是美食单位数目少的行会先落石）。","*杰克的<熔岩战车>将会大幅压缩我方阵线，但<非核心部分>炸弹抗性并不高，使用炸弹及时处理，可以为我方提供更多生存空间
*<陨石雨>同样存在极强的推进性能，在杰克使用<陨石雨>之前可以提前在前方放置低耗火卡片来减少阵线损失","杰克在诞生自己的意识前，不过是一堆巨大的石块。

部落里的老鼠们将它奉为神灵，日夜参拜。无数的香火为其催生了灵智。

他听着鼠们的心愿，有善良，也有邪恶。这些许愿时的呢喃无不影响着他的情绪。

明明自己什么都没有做，可是心愿达成的鼠感激他，没有实现的鼠抱怨他，仿佛所有人的境遇都是杰克自己一手促成。

他变得暴躁起来，终于有一天，受够了耳边喋喋不休的他引发火山喷发毁灭了这个部落，岩浆流淌在每处地方。

所有鼠民都觉得这不过是场天灾，而英明神武的鼠皇依然到达杰克的面前。

""勇士，你希望成为统率一方的首领吗?这片部落，将成为你的驻守的战场”",
13,0,炽热金刚,"火山岛的最终BOSS，每达到一个血量阶段点时都会施放一个新的技能。
通用机制：
<炎弹>：火焰弹，在着陆后会转化为临时<岩浆>。

<震撼登场>（第一阶段）
-技能开始时：炽热金刚从天而降，进行一次毁灭性极大的震击，处决大范围的格子，并晕眩全场所有单位7秒，大量熔岩弹会伴随着震击飞溅。
-站场效果：每隔一定时间震击地面，对脚下格子造成处决效果，飞溅出若干<熔岩弹>，当生命降低一定程度或者一定时间后进入下一阶段。

<解体出击α>（第二阶段）
自身解体为钢爪皮特与迷雾朱莉分开攻击，对两个BOSS造成伤害会以一定比率传递给炽热金刚本身，当生命降低一定程度或者一定时间后进入下一阶段。

<闪电尖刺>（第三阶段）
-技能开始时：炽热金刚制造出六根电刺，每三根各自形成等边三角形，两个等边三角形交错形成六芒星状；电刺受到若干次灰烬效果会被摧毁，并在一定时间后重生。

-站场效果：每隔一定时间相互关联的电刺间会释放一道强力电流，对连线上的卡片与老鼠造成一定的灰烬效果与晕眩效果；当生命降低一定程度或者一定时间后进入下一阶段。

<解体出击β>（第四阶段）
同第二阶段<解体出击α>，但攻击会更为强力一些。

<火山爆发>（第五阶段）
-技能开始时：炽热金刚开始最终的施法。

-站场效果：全场敌方单位获得额外岩浆抗性；岩浆开始从右向左蔓延，当蔓延满时开始对全场岩浆载具造成持续伤害。","火山岛的最终BOSS，每达到一个血量阶段点时都会施放一个新的技能。
通用机制：
<熔岩弹>：投掷的火焰弹幕攻击；
*在当前位置产生持续${p_lava_time0=(10/15/20)}秒的<岩浆>。


<震撼登场>（第一阶段）
-技能开始时：炽热金刚起飞，然后从${row0=(4)}行右${right_col0=(3)}列位置从天而降，降落时产生如下效果：
*对${size0=(5)}*${size0}范围的格子造成处决效果，自身受到对美食单位${dmg_trans0=(100)}%实际伤害的回敬；
*晕眩全屏所有单位${stun_time0=(7)}秒；
*溅出${num0_0=(9)}发<熔岩弹>，目标不重复且优先选择当前生命值最高的美食单位。
-站场效果：每隔${interval0=(14)}秒对当前位置发动一次震击，对脚下格子造成处决效果，自身受到对美食单位${dmg_trans0}%实际伤害的回敬；溅出${num0_1=(4)}发<熔岩弹>，目标不重复且优先选择当前生命值最高的美食单位；在经过${wait0=(90)}秒后会自动进入下一阶段。

<解体出击α>（第二阶段）
自身解体为钢爪皮特与迷雾朱莉，此时双BOSS拥有以下特性：
*当前生命值和最大生命值与炽热金刚同步。
*受到伤害的${dmg_trans1=(50)}%会转移给炽热金刚本身。
*攻击强度恒定为第一阶段的攻击强度。
*在经过${wait1=(90)}秒后自动进入下一阶段。


<闪电尖刺>（第三阶段）
-技能开始时：炽热金刚重新合体出现在${row2=(4)}行右${right_col2=(3)}列，然后制造出六根电刺，每三根各自形成等边三角形，两个等边三角形交错形成六芒星状；每根电刺有如下效果：
*${burn_defence2=(0)}%灰烬抗性，${normal_defence2=(100)}%伤害减免。
*被摧毁${reborn_time2=(14)}秒后会原地重新生成一个电刺。在经过${wait2=(90)}秒后会自动进入下一阶段。

-站场效果：每隔${interval2=(7)}秒相互关联的电刺间会释放一道强力电流，对连线上的卡片与老鼠造成${burn_rate2=(5)}%的灰烬效果与${stun_time2=(2)}秒的晕眩效果；

<解体出击β>（第四阶段）
自身解体为钢爪皮特与迷雾朱莉，此时双BOSS拥有以下特性：
*当前生命值和最大生命值与炽热金刚同步。
*受到伤害的${dmg_trans3=(50)}%会转移给炽热金刚本身。
*攻击强度恒定为第二阶段的攻击强度。
*在经过${wait3=(90)}秒后自动进入下一阶段。

<火山爆发>（第五阶段）
-技能开始时：炽热金刚重新合体出现在第${row4=(4)}行右${right_col4=(3)}列，开始最终的施法。

-站场效果：从右1列开始到左${left_column4=(1)}列结束，每隔${interval4=(6)}秒会往左侧一列蔓延一整列岩浆，当岩浆蔓延满后开始对全场的<岩浆载具>每0.5秒造成${dmg4=(5)}灰烬伤害；场上所有老鼠获得${lava_defence4=(50)}%的岩浆抗性，持续至炽热金刚被击败。*岩浆是否在炽热金刚被击败后消失：${lava_disappear4=(1)}","*<震撼登场>震！撼！登！场！
*一般情况下，虽然<闪电尖刺>电击造成的伤害极低，但是其附带的晕眩效果会大幅度影响我方的输出效率，请合理分配炸弹处理电刺，减少其电击我方卡片的影响。
*<火山爆发>火！山！爆！发！","在器械运作声音刺耳的废品站，躺着达文西昔日研究发明不满意的残次品，以及克隆达文西三号时故障的两具身体。

他们被传送带输向炽热的火炉，很快就会被焚为灰烬。

逐渐逼近的高温将残次品的一部分融化，粘连在一起，却在掉进火炉的前一刻发生了奇怪的反应。

原本毫无生命迹象的两具达文西克隆体此刻分别处在失败的""皮特”前身与“朱莉”前身之中，睁开了眼睛。而两件残次品腾空而起，进行了连达文西本人都从未设想过的合体。

“我为自己之前认为你们作为失败品毫无价值的观念感到抱歉，愿你们能够原谅我的愚昧与无知”达文西猜到鼠皇在其中动了手脚，但依旧郑重的对这个合体的新""生命”说道。

几天后，尚有滚滚岩浆流淌的雪顶火山出现了一位新的首领，那些被其他鼠认为无价值的愚者与残兵在这里发挥出了强大的作战力。

“我们……不，我叫炽热金刚，这片领域归谁，我说了算。",
14,0,酷帅小明,"常规技能描述：
<寒意赠礼>：小明按固定规律攻击若干次，每次攻击包括：
瞬移到特定行，丢出若干枚红包，红包会对被击中的美食单位造成伤害、施加大量冰冻损伤，以及对3*3范围内所有单位施加少量冰冻损伤。

<寒霜践踏>：小明选取一个受冰冻损伤影响最严重的范围的中心，然后进行一次踩踏，使范围内所有单位的冰冻损伤提高若干倍，或者对范围内没受冰冻损伤影响的单位施加少量冰冻损伤。

特殊机制：
<双子之怒>：被击败时，如果场上存在「闪亮小红」，则会使「闪亮小红」能力强化一个阶段。
<终极时刻>：每当受到特定量伤害后，会强制在下一个技能前插入终极技能<冰啤旋风>。

终极技能<冰啤旋风>：痛饮烈酒数秒并获得大量减伤，然后化身为一阵旋风并以一定间隔趋向于卡片最多的一行移动，伤害途径的所有美食与老鼠单位，且在受到一定伤害时还会对大范围单位施加大量冰冻损伤。","常规技能描述：
<寒意赠礼>：小明选取一个行集合RSet0，然后分别在该集合的每行的右${right_col0=(1)}列出现，停滞${wait0_0=(2/1/0/0)}秒，丢出${num0=(1/2/3/3)}枚冰冻红包，红包总扩散角为${spr0=(60)}度。冰冻红包会对被击中的目标造成${dmg0=(25/25/25/99999)}点伤害外加${ice_val0=(225)}点<冰冻损伤>，并对周围3*3所有单位施加${aoe_ice_val0=(25)}点<冰冻损伤>。最后一次丢红包后额外停滞${wait0_1=(3/2/1/0)}秒。
*RSet0为${RSet0=(246/1357)}，此处的意思是，第一次使用<寒意赠礼>时会分别瞬移到2、4、6行进行一次攻击，第二次使用时会分别瞬移到1、3、5、7行进行一次攻击，第三次与第一次同，第四次与第二次同，依次类推。

<寒霜践踏>：小明选取一个点满足[包含${w1=(4)}*${h1=(5)}矩形范围内被施加冰冻损伤美食最多]的条件，瞬移至此处，立即对该范围进行一次踩踏，使范围内所有单位的<冰冻损伤>值提高${tran_rate1=(300)}%，但最高不能超过最大值${max_ice_val1=(400)}，对已处于<凝结>状态的单位则直接使其<冰冻损伤>达到最大值； 若单位无冰冻损伤值，则转而为其施加${ice_val1=(25)}点<冰冻损伤>；踩踏完毕后停滞${wait1=(4/2/1/0)}秒。

常规技能顺序：<寒意赠礼>、<寒霜践踏>

特殊机制：
<双子之怒>：被击败时，如果场上存在「闪亮小红」，则会使「闪亮小红」能力强化一个阶段。
<终极时刻>：每次受到的伤害总和超过${p_lost_hp_percent=(30/60)}%最大生命值时，会强制在下一个技能前插入终极技能<冰啤旋风>。


终极技能<冰啤旋风>：该技能会按「准备阶段」、「生效阶段」、「结束阶段」的顺序执行。
「准备阶段」：移动到卡片数量最多的一行的右${start_right_col2=(1)}列，痛饮烈酒${wait2_0=(7.5)}秒并在此期间获得${defence2=(75)}%普通伤害减免效果；此期间若受到灰烬效果则会延长${add_time2=(1.5)}秒的饮酒时间，最多可被延长${max_add_time2=(30)}秒。

「生效阶段」：化身为一阵旋风并以${v2=(12)}的速度趋向除了本行以外美食单位数量最多的一行纵向移动，且每${interval2=(4)}秒都会重新变更一次方向，一共持续${time2=(12)}秒并最终会移动到横坐标相当于右侧${end_right_col2=(5)}列的位置。

生效阶段期间效果：
<黑旋风>：每0.25秒对周围美食与老鼠单位造成相当于目标${dmg_percent2=(25)}%最大生命值的真实伤害，且对美食伤害的${dmg_trans2=(100)}%反弹给自己。
<冰霜刃甲>：每受到${trigger_percent2=(10)}%自身最大生命值伤害则会对周围${w2=(5)}*${h2=(5)}范围内所有单位施加${aoe_ice_val2_0=(400)}点<冰冻损伤>。

「结束阶段」：在生效阶段的终点处停滞${wait2_1=(8)}秒。",*同一处的小明的<寒意赠礼>行动路线总是固定的，可以事先观察好它的行动路线然后再以此布置阵线。,"我一直认为，人类的世界和鼠界本应该存在于同一个社会映射下的两个平行宇宙，却因为各种奇怪的原因融合在了一个世界。
我把我的想法告诉其他老鼠朋友们，他们非但不能理解，还嘲笑我是科幻小说看多了。可那个荧幕之下的人类，我透过他皮囊，看到了自己的模样。
“我想要成为这个世界上的另一个他。”我跪在金碧辉煌的宫殿之中，只能看到垂地的长袍。
“我要让所有看到我的鼠都充满希望，我要将美好的种子播在每只鼠的心中，我要告诉所有鼠——哪怕我们生活在人鼠战争的炮火硝烟中，生活也应当拥有娱乐！”我鼓起勇气，抬头看着那双庄严而神圣的眼睛。
“去吧，孩子，我会支持你实现这个梦想——在那之后，我要你去战场鼓舞每一位浴血奋战的勇士。”
我的鼠皇大人，我俯身亲吻他的脚尖，带着他的支持，走向属于我的舞台。
档案：酷帅小明，鼠界的明星，在拿到奥鼠卡影帝奖项之后，靠鼠皇赐予的法力成为了驻扎在浮空岛的鼠军将领，能力出众，且擅长鼓舞军心，后与有着同样目标的闪亮小红在军营相识相恋，共同御敌。",
15,0,闪亮小红,"常规技能描述：
<整容术>：小红选取卡片数量最少的若干行，从上往下的顺序依次移动到这些行的特定列位置，每次都在身后一格召唤出特定老鼠，并把该格的其他老鼠都变成该种老鼠。

<星星点灯>：小红按固定规律攻击若干次，每次攻击包括：
投掷出一颗星星，星星会在本行最右侧美食单位处着陆，然后弹射至本行最左侧美食单位处，每次着陆都会对美食单位造成大量真实伤害外加基于目标身上冰冻损伤值的伤害，对老鼠单位造成处决效果。

技能顺序：<整容术>、<星星点灯>

特殊机制：
<双子之怒>：被击败时，如果场上存在「酷帅小明」，则会使「酷帅小明」能力强化一个阶段。
<终极时刻>：每当受到特定量伤害后，会强制在下一个技能前插入终极技能<钻石风暴>。

终极技能<钻石风暴>：小红移动到特定位置，施法数秒并获得大量减伤，然后选取卡最多的若干行，并向这些行的特定位置投掷<钻石冰雹>，<钻石冰雹>会在落地、消失时造成大量范围冰冻损伤效果，并在持续期间以一定间隔对3*3造成少量冰冻损伤效果。","常规技能描述：
<整容术>：小红事先选取卡片数量最少的${row_count0=(3/4/5/5)}行，然后按从上往下的顺序对这些行都进行以下处理：
*（第一次为瞬移，之后在${move_time0=(1.75/1.5/1/0.5)}秒内）移动到目标行右${right_col0=(2)}列处，然后停滞${wait0_0=(1.25/0.5/0/0)}秒。
*在自身右一格范围内召唤种类为${soldier_type0=(0/19/19/19)}，变种为${soldier_shape0=(8/0/1/1)}，即（机械铁锅鼠/熊猫鼠/摔角手鼠/摔角手鼠）的老鼠。
*把范围内的老鼠单位都变成召唤的老鼠种类。
*上述产生的新老鼠均会晕眩${stun_time0=(2)}秒。
*第四阶段下产生的老鼠数量翻倍。
以上做完后会在最终位置停滞${wait0_1=(6/4/2/0)}秒。

<星星点灯>：小红选取一个行集合RSet1，然后分别在该集合的每行的右${right_col1=(1.5)}列出现（第一次瞬移，之后在${move_time1=(1/1/1/0.5)}秒内移动到目的地），停滞${wait1_0=(3/1.5/0/0)}秒，砸出一颗星星，星星会在当前行最右一个可攻击的美食单位着陆并弹射至当前行最左一个可攻击的美食单位所在的位置，两次着陆均对所在位置的格子进行一次（对最高攻击优先级卡片造成固定${dmg1=(1000/1000/1000/99999)}点真实伤害外加目标<冰冻损伤>值*${ice_dmg_trans1=(100)}真实伤害）效果，对老鼠单位造成处决效果。最后一次施放完星星后额外停滞${wait1_1=(6/4/2/0)}秒。
*RSet1为${RSet1=(7531/642)}，且RSet1在所有元素都被取完一次前不会取与之前相同的元素。

技能顺序：<整容术>、<星星点灯>

特殊机制：
<双子之怒>：被击败时，如果场上存在「酷帅小明」，则会使「酷帅小明」能力强化一个阶段。
<终极时刻>：每次受到的伤害总和超过${p_lost_hp_percent=(30/60)}%最大生命值时，会强制在下一个技能前插入终极技能<钻石风暴>。

终极技能<钻石风暴>：该技能会按「准备阶段」、「生效阶段」、「结束阶段」的顺序执行。
「准备阶段」：小红移动到第${row2=(4)}行右${right_col2=(2)}列，进行${wait2_0=(7.5)}秒的施法并在此期间获得${defence2=(75)}%普通伤害减免效果；此期间若受到灰烬效果则会延长${add_time2=(1.5)}秒的施法时间，最多可被延长${max_add_time2=(30)}秒。

「生效阶段」：选取卡片数量最多的${row_count2=(3)}行并进行以下处理： 
*对每行最左侧与最右侧卡所连成线段的中点的位置召唤一颗<钻石冰雹>，落地后处决该范围内的美食单位并对3*3范围内所有单位施加${ice_val2_0=(100)}点冰冻损伤；
<钻石冰雹>：不被视为攻击目标也无法被常规子弹击中，拥有${burn_defence2=(66)}%灰烬抗性，且每${interval2=(8)}秒为3*3单位施加${ice_val2_1=(50)}点冰冻损伤，${alive_time2=(24)}秒后自动破裂；以任何形式破裂后对5*5范围的所有单位施加${ice_val2_2=(50)}点<冰冻损伤>。

「结束阶段」：原地停滞${wait2_1=(8)}秒。",*同一处的小红的<星星点灯>行动路线总是固定的，可以事先观察好它的行动路线然后再以此布置阵线。,"我从小便生活在浮空岛，孜然断桥下住着我和我的爸爸妈妈。
这里有人类，也有老鼠，我们一直以来便和平相处，我和几位人类的幼崽一起度过了一段快乐的童年。
那一天，小岛上来了几位奇怪的人，善良的居民们收留了他们，为他们送上美味的菜肴，带他们观赏优雅的舞蹈。
那几个人走了，带着居民们的祝福。
不，他们又回来了，带着杀戮与诅咒。
这个小岛，不论是人类还是老鼠，都用生命去抵抗恶魔的入侵，包括我的爸爸妈妈。
我的爸爸妈妈死了，但是死的很光荣：他们一起咬伤了好几个坏蛋的脚趾。被割去四肢无法逃窜的他们，被踩伤内脏奄奄一息的他们，被愤怒的坏家伙们用微弱的火苗一点点噬咬成焦尸的他们……
而被爸爸妈妈藏起来的我成为了这场灾难的唯一幸存者。
占据了小岛的家伙们不再提倡人鼠和平，他们肆意杀戮着我的同胞。后来，人与鼠的军队也在这个地方展开了好像永无止境的炮火交锋。
小时候，妈妈总说我有着美妙的歌喉，可以触动上苍洗去听众的苦难与伤痛。我找到了鼠皇，恳求他赐予我能够加入战场的力量，用我的歌声来激励我族勇士。
狂风，暴雨，流星……上苍啊，您是否也为这场战争而感到愤怒？
档案：闪亮小红，童年经历十分悲惨，后因仇恨加入鼠军，成为首领，与有着同样目标的酷帅小明相爱，一同驻守战场，能力强大，十分危险。",
19,0,列车初级,"BOSS由车头以及10节车厢组成，它们之间紧密连接，攻击车头与车厢所造成的伤害会以一定倍率转移给BOSS本体，一般来说车头受伤倍率与灰烬倍率最低，车身其次，车尾最高。

鼠国列车需要使用「指令」才可以驱动车厢进行攻击，鼠国列车第一态有两种基础「指令」：

「指令-炮击」：受到该指令的车厢会延展出「火炮装置」，一定时间后发射炮弹，击中接触的第一个美食或者老鼠单位并发生一格范围的爆炸，造成灰烬效果。

「指令-奇袭」：受到该指令的车厢会展开「传送带」，一定时间后输送特定老鼠。

常规行为描述：
鼠国列车会以特定的顺序与路径进行移动、停靠、并执行「常态指令」、再重新移动。（具体见详细版介绍）
「常态指令」：停靠一定时间，停靠期间车厢变得可被击中；所有场内车厢同时执行「指令-炮击」与「指令-奇袭」。

特殊机制
<灰烬蒙眼>：对车头造成一次灰烬效果会使在行进中的列车停止行进一定时间。
<灰烬防御>：若列车处于移动或者因灰烬效果而停止行进状态时，获得大量灰烬抗性。
<终极时刻>：每次受到的伤害总和超过一定值时，会在下一次常态移动前插入终极技能<单刀直入>。

终极技能<单刀直入>：从中间列屏幕最上方出现，将第一节车厢停靠在第七行后停下，执行「初级列车指令」后往车头方向继续前进，直到最后一节车厢抵达第二行时再次停下执行「初级列车指令」然后移动直至消失。
「初级列车指令」：停靠一定时间，停靠期间车厢变得可被击中；所有场内车厢向两侧同时执行强化的「指令-炮击」与强化的「指令-奇袭」。","BOSS由车头以及10节车厢组成，它们之间紧密连接，攻击车头与车厢所造成的伤害会以一定倍率转移给BOSS本体，具体如下：
车头：普通伤害率=${head_normal=(0.1)}；灰烬伤害率=${head_burn=(0.1)}；
除了车尾的车厢：普通伤害率=${body_normal=(0.67)}；灰烬伤害率=${body_burn=(0.67)}；
车尾部的车厢：普通伤害率=${tail_normal=(1.0)}；灰烬伤害率=${tail_burn=(2.5)}；

鼠国列车第一态的基础移动速度为：2.4纵格/秒
在不同阶段下移速倍率为：${speed_rate=(1.0/1.5/1.75)}

鼠国列车需要使用「指令」才可以驱动车厢进行攻击，鼠国列车第一态有两种基础「指令」：

「指令-炮击」：受到该指令的车厢会延展出「火炮装置」，等待${t0_0=(3/2/1)}秒后向前进行炮弹攻击；炮弹在接触第一个美食或老鼠单位时会产生爆炸并对当前所在格子造成一次灰烬效果。「火炮装置」：不可被选为攻击目标以及被子弹击中，拥有${hp0=(9999)}生命值和${burn_defence0=(50)}%灰烬抗性。

「指令-奇袭」：受到该指令的车厢会展开「传送带」，等待${t1_0=(7/5/3)}秒后向地面输送种类为${soldier_type=(0)}，变种为${soldier_shape=(8)}的老鼠（默认为机械铁锅鼠），老鼠下车后会晕眩${stun1_0=(3)}秒。 「传送带」不会被选为攻击目标以及被子弹击中，拥有${hp1=(9999)}生命值和${burn_defence1=(50)}%灰烬抗性。

常规技能描述：
<右侧停靠>：从右一列屏幕最下方出现，将第一节车厢停靠在第二行后停下，执行「常态指令」后继续移动并往车头方向继续前进直到最后一节车厢消失。
<两侧停靠·左>：从右三列屏幕最下方出现，贯穿右三列顶端，然后车头再从左二列顶端出现，将第一节车厢停靠在左二列第七行，执行「常态指令」后继续移动前进直到最后一节车厢消失。
<左侧停靠>：与<右侧停靠>一致，只是出现位置由右一列屏幕最下方变成左一列屏幕最下方。
<两侧停靠·右>：从左三列屏幕最下方出现，贯穿左三列顶端，然后车头再从右二列顶端出现，将第一节车厢停靠在右二列第七行，执行「常态指令」后继续移动前进直到最后一节车厢消失。
「常态指令」：停靠${wait0=(9/7/5)}秒，停靠期间车厢变得可被击中；所有场内车厢同时执行「指令-炮击」与「指令-奇袭」。

常态攻击顺序<右侧停靠>、<两侧停靠·左>、<左侧停靠>、<两侧停靠·右>。
序号表示：${attack_order=(2/4/6/7)}。

特殊机制
<灰烬蒙眼>：对车头造成一次灰烬效果会使在行进中的列车停止行进${p_stun_time=(2)}秒，上限${p_max_stun_time=(6)}秒。
<灰烬防御>：若列车处于移动或者因灰烬效果而停止行进状态时，获得${p_extra_burn_defence=(99)}%额外灰烬抗性。
<终极时刻>：每次受到的伤害总和超过${p_lost_hp_percent=(60)}%最大生命值时，会在下一个技能前插入<单刀直入>。

<单刀直入>：从中间列屏幕最上方出现，将第一节车厢停靠在第七行后停下，执行「初级列车指令」后往车头方向继续前进，直到最后一节车厢抵达第二行时再次停下执行「初级列车指令」然后移动直至消失。
「初级列车指令」：停靠${wait1=(4)}秒，停靠期间车厢变得可被击中；所有场内车厢向两侧同时执行强化的「指令-炮击」与强化的「指令-奇袭」。
*强化「指令-炮击」：「火炮装置」的灰烬抗性变为${extra_burn_defence0=(66)}%，开炮等待时间变更至${extra_t0=(0)}秒。
*强化「指令-奇袭」：「传送带」的灰烬抗性变为${extra_burn_defence1=(66)}%，释放老鼠的等待时间变更至${extra_t1=(2)}秒，且放下种类为${soldier_type1=(19)}，变种为${soldier_shape1=(1)}的老鼠（默认情况为摔角手鼠）。

附加参数：<两侧停靠>时炮台方向反向=${isReverse=(0)}（默认为否）；",*都到这里啦就不需要提示啦！请自己发掘！,"“达文西先生，听说您曾经做出过一辆可以靠汲取感情为能量来运作的列车？”鼠皇带着礼物拜访达文西时，问出了这样一个问题。
“是的，不论是爱，恨，亦或者其他感情，都可以为它所用，但是这个列车还有一些不完美的地方。”
“哦？是机制方面还不够完善吗？”
“并不是，是这个列车只可以汲取我的感情作为能量，在其他鼠面前，它只是一堆废铁。”
鼠皇掀掉了盖在自己所带来的礼物上的红布，是一颗正在跳动的心脏。
“这颗机械之心控制着整个浮空岛岛屿之间的连接，你可以通过它轻松抵达任何你想要去的地方——我想你会对它感兴趣的。”
达文西猛地瞪大双眼，不可置信的看着这颗闪着幽幽荧光的心脏。
“只要你把那个失败品给我，这颗心脏就会是你接下来研究新作品的伟大助力。”
达文西同意后，鼠皇满意的将权杖轻触地面，便立刻传送到了一个地牢前。
地牢中关着无数个“达文西”在等待着被唤醒，鼠皇轻轻的抚摸着其中一个胚胎，露出了最和善的笑容。
10个月后，满身腐肉的“达文西”被无数铁钉固定在鼠国列车的驾驶舱，露出森森白骨。同在驾驶室的，是无数用以续命的法阵和噬鼠血肉的蚁虫……
列车感受到在自己体内生命的恨意与绝望，不断发出悲鸣，向着卤料花园疾驰而去。它已迫不及待，想要毁灭一切。
“去吧，孩子，只要你可以完成我的任务，我将会帮助你摆脱痛苦，去往极乐世界。”
鼠皇温柔的声音响起，并没有被列车中的鼠听到。不过他毫不在意，转身去往达文西的实验室。
正在研究如何利用机械之心创造出更伟大的发明的达文西并不知晓鼠皇做了什么，他坚信没有自己的感情作为能量，这个失败的列车无法为鼠皇所用。
“达文西先生，如果您愿意为鼠军做出比您之前的列车更伟大的战争机器，我想我很愿意带着您去往传说中的遗忘岛探索那些不为人知的秘密……”",
16,0,鼠国队长,"常规技能描述：
被动<坚实壁垒>：自身获得一定普通伤害减免，并为自身附近的非BOSS老鼠单位提供「庇护」效果。
*「庇护」：受影响单位获得一定普通伤害减免，并将受到的折前普通伤害按一定比率转移给鼠国队长。

<顺水推舟>：鼠国队长会连续攻击若干次，每次都包括以下内容：
*瞬移到特定位置，使用盾牌向前推进一定距离，立即对自身所在格与自身前方一格的格子造成一定真实伤害；
*推进过程中会携带沿途的地面老鼠一起位移但会晕眩这些老鼠一定时间。
<近地支援>：鼠国队长瞬移到老鼠数量最少的一行特定列，举盾示意支援一定时间，然后召唤若干老鼠增援。
*示意增援期间鼠国队长会失去被动<坚实壁垒>的效果。

常规技能顺序：<顺水推舟>、<近地支援>

特殊机制： 
<终极时刻>： 每当受到特定量伤害后，会强制在下一个技能前插入终极技能<黄金回旋>。

终极技能<黄金回旋>：鼠国队长先去卡片最少的一行的特定列，蓄力一定时间后投出盾牌，再等待一定时间后去卡片最多的一行的特定列，然后再等待一定时间后使盾牌回旋并收回。
*盾牌在扔出和收回时会对沿途的格子与老鼠单位造成处决效果。
*在盾牌不在鼠国队长手中的时间内，鼠国队长会失去被动<坚实壁垒>的效果。","常规技能描述：
被动<坚实壁垒>：自身获得${p_defence=(20)}%的普通伤害减免，为自身${p_w=(1.5)}*${p_h=(1)}范围内的非BOSS老鼠单位提供「庇护」效果。
*「庇护」：受影响单位获得${p_give_defence=(75)}%的普通伤害减免，并将受到的普通折前伤害的${p_dmg_trans=(75)}%转移给鼠国队长。

<顺水推舟>：鼠国队长会连续进行以下攻击${num0=(2/3/4)}次，这些连续的攻击视为一轮攻击。
*瞬移到满足X条件所在位置，使用盾牌向前推进${dist0=(2/2/2.5)}格，立即对自身所在格与自身前方一格的格子造成${dmg0=(1000)}点真实伤害，对美食单位造成的实际伤害会以${dmg_trans0=(100)}%比率反馈给自身；
*推进过程中会携带沿途的地面老鼠一起位移但会晕眩其${stun_time0=(4/4/4)}秒；推进完毕后在终点处停滞${wait0=(4/2/0)}秒；老鼠最左只能被推到左${left_col0=(2)}列，最右只能被推到右${max_right_col0=(0.5)}列。
*其中X为在右${right_col0_0=(0.5)}列到右${right_col0_1=(3/3/4)}列中最靠左的地面老鼠单位，但是同一轮攻击内不会选择重复行，若无法满足以上条件则出现在右${right_col0_0}列。

<近地支援>：鼠国队长瞬移到老鼠数量最少的一行右${right_col1=(2/3/3)}列，并示意增援，经过${wait1=(6/2/0)}秒后在相邻的${num1_0=(3/3/3)}行中每行都进行以下行为：
*在右${summon_right_col1_0=(1/2/2)}列到右${summon_right_col1_1=(1)}列之间等差召唤${num1_1=(1/1/2)}只种类为${type1=(19)}，变种为${shape1=(1)}的老鼠（默认是摔角手鼠）。
*示意增援期间会失去被动<坚实壁垒>的效果。

常规技能顺序：<顺水推舟>、<近地支援>

特殊机制： 
<终极时刻>： 每次受到的伤害总和超过${p_lost_hp_percent=(30/40)}%最大生命值时，会强制在下一个技能前插入终极技能<黄金回旋>。


终极技能<黄金回旋>：该技能会按「准备阶段」、「生效阶段」、「结束阶段」的顺序执行。
「准备阶段」： 鼠国队长瞬移到美食单位数量最少的一行右${right_col2=(1)}列，获得${defence2=(0)}%伤害减免效果并蓄力${wait2_0=(4)}秒，此期间若受到灰烬效果则会延长${add_time2=(1)}秒的蓄力时间，最多可被延长${max_add_time2=(30)}秒。

「生效阶段」： 鼠国队长投出回旋盾牌，使得被动<坚实壁垒>失效，回旋盾牌在${move_time2=(2)}秒内前进并飞出屏幕，处决沿途的格子与老鼠单位，鼠国队长会停滞${wait2_1=(0)}秒，此期间若受到灰烬效果则会延长${add_time2}秒的停滞时间，最多可被延长${max_add_time2}秒。

「结束阶段」： 鼠国队长瞬移到除当前所在行以外的美食单位数量最多的一行，等待${wait2_2=(6)}秒后盾牌会在该行回旋并被回收，重新获得被动<坚实壁垒>；等待期间若受到灰烬效果则会延长${add_time2}秒的等待时间，最多可被延长${max_add_time2}秒。",*都到这里啦就不需要提示啦！请自己发掘！,"“坍塌的房屋，破损的建筑，灾难面前是无尽的痛苦。”
“这个世界，需要一个英雄！”
鼠国队长出生的时候，地震的余波尚未息怒。在临时搭建的生产场所，湿漉漉的他被医生从母亲仍有余热的腹中剖出。
媒体将他的照片登于报刊，歌颂着生命的伟大与美好——他出生时嘹亮的啼哭为这片鼠间炼狱带来了一缕新生的阳光。
“我出生的意义，就是于灾难来临时为我爱的世间万物种下希望的花朵。”
长大后的鼠国队长穿着自制的服装，在嘈杂街边宣扬着自己对于众生幸福的设想。但直到因为传播邪教以及实施诈骗入狱，他都没有收获哪怕一名忠实的信徒。
在监狱中，他自然锲而不舍向那些罪犯们宣讲自己的理想。
终于，他被鉴定为精神病患者。
在被开车送往精神病院的旅途中，他趁机逃窜，向着鼠皇庙的方向疾驰。
因为在狱中，他听到了一个令自己心动的传说：通往鼠皇庙的九万台阶，只要你心怀诚意一步一叩首。鼠皇就会在尽头实现你所求的愿望……
“这个世界需要一个英雄！”
他坚持了不知道多久，终于来到了最后一级台阶，头破血流。
“你说得对，这个世界，需要一个英雄。”
雕像散发点点荧光，柔和的笼罩在鼠国队长的身上，为他治愈伤口。
“我想，孩子，你会合适的。”
鼠国队长叩谢鼠皇时，并没有拆穿他与自己一样，都是彻头彻尾的骗子。",
17,0,鼠铁侠,"常规技能描述：
被动<钢铁机甲>：当自身处在钢铁机甲内部时，获得一定物理伤害减免效果。

<空中袭击>：自身升空，选取特定位置然后从天而降，处决降落时接触的格子上的地面单位，然后根据所在行数选择向上或向下移动，移动期间对途径的格子进行高频扫射攻击；攻击完后会暂时脱下机甲充能一段时间，此期间失去被动<钢铁机甲>的效果。

<机甲升级>：鼠铁侠在移动到（可攻击的）美食单位数量最多的一行的特定列，然后将自身机甲升级成重型机甲，获得额外物理伤害减免，然后准备进行数次攻击，每次攻击会射出两道激光：
*第一道激光：攻击自身正前方的固定位置。
*第二道激光：优先攻击满足特定条件的格子。
*激光攻击为对当前格最高攻击优先级卡片和范围内老鼠施加一次灰烬效果。

所有攻击结束后停滞一定时间，然后机甲因为过载会发生一次爆炸，晕眩全场所有单位数秒，之后变回轻型机甲。

常规技能顺序：<空中袭击>、<机甲升级>

特殊机制：
<终极时刻>： 每当受到特定量伤害后，会强制在下一个技能前插入终极技能<充能轨道炮>。

终极技能<充能轨道炮>：鼠铁侠将获得大量减伤并准备进行若干次最强的充能轨道炮攻击，每次攻击都会选取特定列中满足轰炸范围内美食单位数最多的格子作为攻击落点，在蓄力一段时间后发射炮弹攻击，炮弹落地后
会对3*3的格子造成灰烬效果，同时对范围内老鼠单位造成灰烬效果。

上述所有攻击结束后钢铁机甲会因为过载而瘫痪：失去终极技能开始时附带的减伤和被动<钢铁机甲>的效果，鼠铁侠本体会暴露出来并原地晕眩很长时间，晕眩期间若受到一定伤害则会提早结束晕眩。","常规技能描述：
被动<钢铁机甲>：当自身处在钢铁机甲内部时，获得${p_defence=(20)}%的伤害减免效果。

<空中袭击>：自身升空，选取X位置然后从天而降，处决降落时接触的格子上的地面单位，受到${dmg_trans0=(100)}%对美食单位造成的实际伤害的反馈，然后准备移动：若自身位于第四行上方，则向正下方移动到第七行；若自身位于第四行下方，则向正上方移动到第一行，移动时间为${move_time0=(2.5/2/1.5)}秒，移动时每0.25秒对所在的格子造成${dmg0=(100/200/900)}伤害，对老鼠效果为处决；攻击完后会暂时脱下机甲充能，持续${wait0=(5/4/3)}秒，此期间失去被动<钢铁机甲>的效果。
*X位置为右侧最凹的一行（但不能是第四行）的最右侧美食单位所在位置。

<机甲升级>：鼠铁侠在${move_time1=(1.25/1/0.75)}秒内移动到（可攻击的）美食单位数量最多的一行右${right_col1=(2)}列，然后将自身机甲升级成重型机甲，获得额外${defence1=(20)}%减伤，然后准备进行${num1=(2/3/3)}次激光攻击，每次攻击会射出两道激光：
*第一道激光：固定攻击自身正左方${left1=(1/2/3)}格的位置。（这里斜杠划分的数字对应的是本轮攻击的第几次攻击）。
*第二道激光：优先索取最大生命值最高的单位所在格，若满足多个单位则优先选择最远的美食单位所在格，且不会选择在本轮攻击中与先前第二道激光重复的格子。
*若没有合适的格子则以本行左一列位置作为目标攻击。
*激光攻击为对当前格最高攻击优先级卡片和范围内老鼠施加一次灰烬效果。
*每次激光攻击结束后停滞${wait1_0=(2/1.5/1)}秒。

所有攻击结束后停滞${wait1_1=(6/3/2)}秒，然后机甲因为过载会进行一次爆炸，晕眩全场所有单位${stun_time1=(2)}秒，之后变回轻型机甲。

常规技能顺序：<空中袭击>、<机甲升级>

特殊机制：
<终极时刻>： 每次受到的伤害总和超过${p_lost_hp_percent=(30/65)}%最大生命值时，会强制在下一个技能前插入终极技能<充能轨道炮>。

终极技能<充能轨道炮>：鼠铁侠将获得额外${defence2=(75)}%减伤并准备进行${num2=(3)}次最强的充能轨道炮攻击，每次攻击分别会以左${target_left_col2=(2/5/8)}列作为攻击区域，每次攻击都会按「准备阶段」、「生效阶段」的顺序执行：
「准备阶段」：在本次攻击区域列中第2行到第6行的所有格子里选取（满足以该格为中心3*3（可被攻击，可被选为攻击目标）美食数量最多这个条件）的格子，然后在${move_time2=(0.5)}秒内移动到该格所在行的右${right_col2=(1)}列，启动轨道炮，蓄力${wait2_0=(4)}秒；蓄力期间若受到灰烬效果则会延长${add_time2=(1)}秒的蓄力时间，最多可被延长${max_add_time2=(30)}秒。

「生效阶段」： 发射${count2=(1)}枚轨道炮，然后停滞${wait2_1=(0)}秒；轨道炮落地后会对3*3的格子造成灰烬效果，同时对范围内老鼠单位造成灰烬效果。

上述所有攻击结束后钢铁机甲会因为过载而瘫痪：失去终极技能开始时附带的减伤和被动<钢铁机甲>的效果，鼠铁侠本体会暴露出来并原地晕眩至多${stun2=(21)}秒，晕眩期间若受到超过${lost_hp_percent2=(20)}%最大生命值伤害则会提早结束晕眩。",*都到这里啦就不需要提示啦！请自己发掘！,"“我再也不敢偷吃的了，求求你们不要打我了…”
鼠塔特蜷缩在角落里，忍受着人类的幼崽对自己拳打脚踢。
直到上课铃声响起，多处受伤的他才被丢进垃圾桶，捡回一条命。
但是鼠塔特知道自己的噩梦还没有过去。
“鼠塔特，让你去偷人类的食物，你怎么空着手回来了？”远处的大魔王声音洪亮，已经迫不及待摩拳擦掌想要揍一顿这个没用的废物。
想象中的疼痛却迟迟没有到来。
鼠塔特睁开眼，是欺凌者仓皇逃窜。
他掏出藏在衣服中的，来自人类的钢板，紧紧抱在怀里痛哭。
“如果这种完美的东西可以覆盖我的全身，就再也不会感到疼痛了吧？”
几个月后，一个名叫鼠铁侠的家伙横空出世。
他全身都有钢铁保护，再加上自制的炮弹，轻而易举便破坏了一所人类的学校，并将占据此地的几个恶霸鼠揍进了医院。
平民鼠们为他拍手叫好，认为他是一个英雄。
参军后，他在战场所向披靡，仿佛任何攻击都无法令他受伤。
可只有他自己知道，当失去了战甲的保护，他还是那个只会站在原地等待挨打的懦弱老鼠。",
19,1,列车进化,"BOSS由车头以及13节车厢组成，它们之间紧密连接，攻击车头与车厢所造成的伤害会以一定倍率转移给BOSS本体，一般来说车头受伤倍率与灰烬倍率最低，车身其次，车尾最高。

鼠国列车需要使用「指令」才可以驱动车厢进行攻击，鼠国列车第二态有两种基础「指令」：

「指令-雾袭」：受到该指令的车厢会展开「迷雾喷射器」，一定时间后产生持续较为短暂的<迷雾>并输送特定老鼠。

「指令-冷凝激光」：受到该指令的车厢会展开「激光冷凝器」，先对被击中的单位造成基于其身上<冰冻损伤>的灰烬伤害，然后为其施加大量<冰冻损伤>。

常规行为描述：
鼠国列车会以特定的顺序与路径进行移动、停靠、并执行「常态指令」、再重新移动。（具体见详细版介绍）
「常态指令」：停靠一定时间，停靠期间车厢变得可被击中；所有场内车厢同时执行「指令-雾袭」与「指令-冷凝激光」。

特殊机制
<灰烬蒙眼>：对车头造成一次灰烬效果会使在行进中的列车停止行进一定时间。
<灰烬防御>：若列车处于移动或者因灰烬效果而停止行进状态时，获得大量灰烬抗性。
<终极时刻>：每次受到的伤害总和超过一定值时，会在下一次常态移动前插入终极技能<两面包夹芝士>。

终极技能<两面包夹芝士>：用车身覆盖第一、第七、第四行，然后执行「进化列车指令」后往车头方向继续前进，然后将最后一节车厢投放至场地中间并之执行「指令-火力支援」，执行完后该节车厢会自爆并对3*3范围的所有单位造成一次灰烬效果。
「进化列车指令」：停靠一定时间，停靠期间车厢变得可被击中；所有场内车厢向两侧同时执行强化的「指令-雾袭」与强化的「指令-冷凝激光」。
「指令-火力支援」：受到该指令的车厢会启动「火炮发射器」经一定延迟后向四个方向开炮若干次，然后炮台逆时针旋转135度，再等待同样的时间然后再进行一次同样的攻击；火炮会在接触美食和老鼠单位时发生爆炸（无视<隐匿>效果）并造成一次灰烬效果。","BOSS由车头以及13节车厢组成，它们之间紧密连接，攻击车头与车厢所造成的伤害会以一定倍率转移给BOSS本体，具体如下：
车头：普通伤害率=${head_normal=(0.1)}；灰烬伤害率=${head_burn=(0.1)}；
除了车尾的车厢：普通伤害率=${body_normal=(1.0)}；灰烬伤害率=${body_burn=(1.0)}；
车尾部的车厢：普通伤害率=${tail_normal=(1.0)}；灰烬伤害率=${tail_burn=(5.0)}；

鼠国列车第二态的基础移动速度为：2.4横格/秒
在不同阶段下移速倍率为：${speed_rate=(1.0/1.5/2.0)}

鼠国列车需要使用「指令」才可以驱动车厢进行攻击，鼠国列车第二态有二种基础「指令」：

鼠国列车第二态有两种常用指令：
「指令-雾袭」：受到该指令的车厢会展开「迷雾喷射器」，在${t0_0=(6/3/0)}秒后产生<迷雾>，持续${fog0_0=(8)}秒，并向地面输送特定的鼠军如下：
右一列、右二列：种类为${type0_0=(0)}，变种为${shape0_0=(8)}，默认为（机械铁锅鼠）
右三列、右四列：种类为${type0_1=(0)}，变种为${shape0_1=(8)}，默认为（机械铁锅鼠）
右五列、右六列：种类为${type0_2=(0)}，变种为${shape0_2=(8)}，默认为（机械铁锅鼠）
右七列、右八列：种类为${type0_3=(0)}，变种为${shape0_3=(8)}，默认为（机械铁锅鼠）
*「迷雾喷射器」：不可被选为攻击目标以及被子弹击中，拥有${hp0=(9999)}生命值和${burn_defence0=(50)}%灰烬抗性。
*位于左${left_col0=(1.5)}列偏左和右${right_col0=(2)}列偏右的迷雾会立即消失。

「指令-冷凝激光」：受到该指令的车厢会展开「激光冷凝器」，在等待${t1_0=(8/5/2)}秒后发射冷凝激光，对激光接触的所有单位先造成(目标身上<冰冻损伤>值*${dmg_rate1=(20)}点灰烬伤害)，然后再施加${ice_val1=(200)}点冰冻损伤。
*「激光冷凝器」：不可被选为攻击目标以及被子弹击中，拥有${hp1=(9999)}生命值和${burn_defence1=(0)}%灰烬抗性。

常规技能描述：
<对流停靠·奇数列>：从第七行右侧一列出现，途经第七行左侧一列消失并传送至第一行左侧一列，最终使最后一节车厢移动到第七行右侧一列停靠，执行「常态指令」后往车头方向继续前进直到最后一节车厢消失。

<对流停靠·偶数列>：从第一行右侧一列出现，途经第一行左侧一列消失并传送至第七行左侧一列，最终使最后一节车厢移动到第一行右侧二列停靠，执行「常态指令」后往车头方向继续前进直到最后一节车厢消失。

<二六停靠>：从第二行右侧一列出现，途经第二行左侧一列消失并传送至第六行左侧一列，最终使最后一节车厢停靠在第二行右二列停靠，执行「常态指令」后往车头方向继续前进直到最后一节车厢消失。

<六二停靠>：从第六行右侧一列出现，途经第六行左侧一列消失并传送至第二行左侧一列，最终使最后一节车厢停靠在第六行右二列停靠，执行「常态指令」后往车头方向继续前进直到最后一节车厢消失。

「常态指令」：停靠${wait0=(10/8/5)}秒，停靠期间车厢变得可被击中；所有场内车厢同时执行「指令-雾袭」与「指令-冷凝激光」。

攻击顺序：<二六停靠>、<对流停靠·奇数列>、<六二停靠>、<对流停靠·偶数列>。
攻击顺序（序号表示）：${attack_order=(3/1/4/2)}

特殊机制：每次受到的伤害总和超过${p_lost_hp_percent=(60)}%最大生命值时，会强制将下一个技能替换为<两面包夹芝士停靠>，当所有列车车厢就绪时，分别执行一次强化的<指令-雾袭>与<指令-冷凝激光>，之后最后一节车厢后还会额外再生成一节火炮车厢（同样被视为车尾），火炮车厢被运输至右${right_col3=(5)}列后脱落，并执行一次<指令-火力支援>，随后自爆，对3*3范围内的所有单位造成一次灰烬效果。

特殊机制
<灰烬蒙眼>：对车头造成一次灰烬效果会使在行进中的列车停止行进${p_stun_time=(2)}秒，上限${p_max_stun_time=(6)}秒。
<灰烬防御>：若列车处于移动或者因灰烬效果而停止行进状态时，获得${p_extra_burn_defence=(99)}%额外灰烬抗性。
<终极时刻>：每次受到的伤害总和超过${p_lost_hp_percent=(60)}%最大生命值时，会在下一个技能前插入终极技能<两面包夹芝士>。

终极技能<两面包夹芝士>：从第一行右侧一列出现，途经第一行左侧一列消失并传送至第七行左侧一列，途经第七行右侧一列再送传至第四行右侧一列，然后第一节车厢移动到左侧四列停靠，执行「进化列车指令」后往车头方向继续前进，然后将最后一节车厢停留在地图中心，使该车厢执行一次「指令-火力支援」，执行完后该节车厢会自爆并对3*3范围内的所有单位造成一次灰烬效果。

「进化列车指令」：停靠${wait1=(8/6/3)}秒，停靠期间车厢变得可被击中；所有场内车厢向两侧同时执行强化的「指令-雾袭」与强化的「指令-冷凝激光」。

强化「指令-雾袭」：灰烬抗性变更为${extra_burn_defence0=(75)}%，将会召唤种类为${extra_type0=(19)}变种为${extra_shape0=(1)}的老鼠。（默认为摔角手鼠）
强化「指令-冷凝激光」：灰烬抗性变更为${extra_burn_defence1=(75)}%。

「指令-火力支援」：受到该指令的车厢会启动「火炮发射器」；开启后等待${t2_0=(4)}秒后向上下左右四个方向连续发射${num2_0=(2)}枚火炮，然后炮台逆时针旋转135度，再等待同样的时间然后再进行一次同样的攻击；火炮会在接触美食和老鼠单位时发生爆炸（无视<隐匿>效果）并造成一次灰烬效果。",*都到这里啦就不需要提示啦！请自己发掘！,"达文西发现鼠皇在实验室制作了无数个不完美的自己后，不动声色在研制靠机械之心来驱动的新列车中加入了一个新设定。
只要那些自己踏入这个列车，他就可以靠意识与其对话。
达文西知道，一旦鼠皇制作出一个完美且听话的“达文西”，那自己将不复存在。
新列车是一个十分强大的战争机器，它拥有更强大的力量，也可以不靠汲取达文西的感情便运作起来。
但他还是将“如果列车融合自己就会变得更强”这件事告诉了鼠皇。
由达文西亲自制作的克隆体坐在驾驶室，微笑着向鼠皇打招呼，仿佛并不知晓在鼠皇的实验室也有着不计其数的“达文西”。
鼠皇十分满意，他赐下了许多奖赏后便带着新列车告别了达文西。
夜晚，达文西感应到了许多个被放置在列车中的自己。
“你们好，我是达文西”
“你好，我们是达文西。那个失败品里，也有一个达文西。”
“请听从鼠皇大人的吩咐，去战场为鼠皇大人效力。”
“我们知道，在必要的时候，我们会保护好达文西。”
天亮后，达文西继续沉浸在研发机器中，但与先前不同的是，从那天起，他的耳边频频出现战斗胜利的捷报。",
18,0,鸡鞠鼠,"常规技能描述：
被动<蛛丝悬挂>：鸡鞠鼠大部分情况下为飞行单位判定。

「蜘蛛网」：受到此效果的单位会大幅度降低移动速度与攻击力，且失去阻挡能力；「蜘蛛网」拥有一定灰烬抗性。

<蛛网标记>：鸡鞠鼠选取特定的两行，分别对其发射蜘蛛线，命中后张开形成十字网状陷阱并施加「蜘蛛网」。

<偷梁换柱>：鸡鞠鼠移动到特定位置，之后重复执行以下操作，直到场上无「蜘蛛网」或者因其他因素强制停止此技能。
*前往离自身最近的「蜘蛛网」，偷窃美食单位，并将其上的所有的老鼠单位与「蜘蛛网」替换成特定的老鼠单位。
*当偷窃的美食单位基础费用之和超过特定值时，吊线会无法承受重量从而使鸡鞠鼠重重摔晕在地上数秒。
*如果在此技能期间满足终极技能<狭路相逢>的插入条件，则会在当前偷窃完毕后立即结束这个技能，若处于晕眩状态则会立即起身。

特殊机制：
<终极时刻>：每次受到的伤害总和超过一定值时，会强制在下一个技能之前插入终极技能<狭路相逢>。

终极技能<狭路相逢>：鸡鞠鼠选取美食单位数量最少的若干行，按从上到下的顺序依次进行如下：
*以该行最靠左侧的美食单位作为目标，摇荡过去，在该格施放强化的「蜘蛛网」的同时放下特定老鼠。
*强化「蜘蛛网」：灰烬抗性得到提升。","常规技能描述：
被动<蛛丝悬挂>：鸡鞠鼠大部分情况下为飞行单位判定。

「蜘蛛网」：受到此效果的单位会降低${p_dec_move_speed=(67)}%总移动速度和${p_dec_attack=(50)}%总攻击力，且失去阻挡能力，「蜘蛛网」拥有${p_burn_defence=(50)}%灰烬抗性。

<蛛网标记>：鸡鞠鼠选取右凸和右凹行（两次选取不重复），按从上往下的顺序依次在${move_time0=(1)}秒内移动该行右${right_col0=(1)}列，停滞${wait0=(2/1/0)}秒后向左方释放一束线，在击中第一张卡或者达到左${left_col0=(2)}列时张开成网状陷阱，对十字${num0=(1)}格范围的位置施加「蜘蛛网」。
*线不会击中已被「蜘蛛网」束缚住的美食单位。

<偷梁换柱>：鸡鞠鼠移动到第${row1=(4)}行的右${right_col1=(1)}列，之后重复执行以下操作，直到场上无「蜘蛛网」或者因其他因素强制停止此技能。
*选取当前距离自身最近的「蜘蛛网」，在${move_time1=(1)}秒内移动到该「蜘蛛网」位置，等待${wait1=(2/1/0)}秒，将「蜘蛛网」以及其上方的老鼠单位调换成种类为${type1=(0)}，变种为${shape1=(8)}的老鼠（默认为机械铁锅鼠），这些老鼠会晕眩${enemy_stun1=(4)}秒；然后窃取其上的（可被攻击的，非炸弹）美食单位。
*在本轮攻击中偷窃的美食单位基础费用之和超过${cost1=(500)}时，蜘蛛网会因无法承受重量而断裂，自身摔在地上并晕眩${stun1=(5/4/3)}秒，然后结束这个技能。
*如果在此技能期间满足终极技能<狭路相逢>的插入条件，则会在当前偷窃完毕后立即结束这个技能，若处于晕眩状态则会立即起身。

特殊机制：
<终极时刻>：每次受到的伤害总和超过${p_lost_hp_percent=(40/40)}%最大生命值时，会强制在下一个技能之前插入终极技能<狭路相逢>。

终极技能<狭路相逢>：鸡鞠鼠选取美食单位数量最少的${num2=(3)}行，按从上到下的顺序依次进行如下：
*以该行最靠左侧的（可攻击的，可被选为攻击目标的）美食单位作为目标，摇荡过去，在该格施放强化的「蜘蛛网」的同时放下种类为${type2=(0)}，变种为${shape2=(8)}的老鼠（默认为机械铁锅鼠），这些老鼠会晕眩${enemy_stun2=(4)}秒。
*摇荡落点最左不能超过左${left_col2=(2)}列，若该行没有老鼠则落点也为最左位置。
*强化「蜘蛛网」：灰烬抗性变更为${burn_defence2=(66)}%。
*此技能期间不会被视为攻击目标。",*都到这里啦就不需要提示啦！请自己发掘！,"我曾误入过一家人类的电影院，索性灯光是关掉的，我没有被发现。
黑暗中那个荧幕所散发的光芒吸引着我的眼睛，这个站在光芒中的人类，居然可以徒手爬墙，可以发射坚固的丝线。
他简直是英雄！
我在电影结束前匆匆离去，因为我知道很快亮起的灯光会将我暴露于人类的视野之下，彼时我将会在人类的尖叫声中被打死。
回到鼠国，我听说那日我看到的人类叫鸡鞠侠，但是不知道为什么，他又被称为“失败的曼”。
或许“曼”是他名中的某一个字，但我久久不能理解，为什么这样的英雄在人间还是会失败。
我想，我可以成为一个成功的英雄。
最重要的是，我要思考我该怎么样才能像鸡鞠侠一样，可以随时发射丝线。
我在别的老鼠眼中是鼠军总司令的纨绔小儿子，但是只有鼠皇爷爷不讨厌我，会充满慈爱的将我抱起，或许他可以帮我解决这个问题……
“鼠皇爷爷，我想像人类世界的鸡鞠侠一样做一个可以发射坚固丝线的英雄，让大家都对我刮目相看！”
“我想达文西先生和鼠克先生可以帮你解决这个问题——孩子，你有没有兴趣去战场磨练一下自己？”
后世记载：“鸡鞠鼠，是鼠军总司令的小儿子为自己想的化名。他着装怪异，但是战斗能力非凡，曾隐瞒身份从最小的鼠卒做起，靠军功升为驻守浮空岛的鼠军将领，同时也吸引了鼠国许多热血青年报名参军。”",
20,0,巨绿鼠,"特殊机制：初始以博士鼠的形态走入战场，在受到一定伤害或者等待一定时间后服用药剂变身成为巨绿鼠。

被动<皮糙肉厚>：获得极高的普通伤害与非灰烬来源真实伤害减免效果。
被动<力大砖飞>：巨绿鼠的大部分攻击会直接击飞单位。
被动<无能狂怒>：巨绿鼠极易被激怒，受到伤害会快速上涨怒气，受到灰烬效果会立即上涨大量怒气。一旦怒气满时下一个技能在生效时会获得极大幅度的强化，然后消耗这些怒气、变回原形并晕眩很长一段时间。
被动<巨物恐惧>：每当巨绿鼠的技能生效时，全场老鼠会因恐惧而晕眩数秒，强化攻击还会使晕眩时间更长。


<大地震颤>：巨绿鼠选择特定位置，跳跃到该位置的右边二格进行一次重击，击飞以自身左二格为中心距离若干格范围内的所有格子上的所有单位。
<强化-泰山陨石坠>：作用范围获得提高。

<山崩地裂>：巨绿鼠选择特定位置，跳跃到该位置使用蛮力掀翻自身前若干格，将范围内所有的美食单位掀飞出战斗，将所有的老鼠单位向左击飞若干格然后重重摔在地上，使之损失一定当前生命值并晕眩数秒。
<强化-地崩山摧>：掀翻的范围与击飞距离大幅度提高。同时会为全场美食单位施加被动<巨物恐惧>。

<肉弹战车>：巨绿鼠选择特定位置，跳跃到该位置向前滚动，碾压途径的所有单位。
<强化-肉弹冲击>：滚动时会对相邻两行造成余震，击飞位于其上的单位。","特殊机制：初始以博士鼠的形态走入第${p_row=(4)}行右${p_right_col=(1)}列，在受到${p_lost_hp_percent=(20)}%最大生命值伤害或者等待${p_wait=(15)}秒后服用药剂变身成为巨绿鼠，服用药剂时立即获得被动<皮糙肉厚>的效果，变身后获得被动<无能狂怒>的效果。

被动<皮糙肉厚>：获得${p_defence=(50)}%的普通伤害与真实伤害减免效果（不减免灰烬效果来源的真实伤害）。
被动<力大砖飞>：巨绿鼠的大部分攻击会直接击飞单位。
被动<无能狂怒>：巨绿鼠虽然皮糙肉厚但是极易被激怒，受到伤害会在${p_add_time=(1)}秒内获得${p_hit_angry=(2)}点怒气值（再次受到伤害会重置时间而非叠加）；虽然可能不能造成多大伤害但是它很讨厌别人用炸弹挑衅它——在受到灰烬效果后会立即获得${p_burn_angry=(50)}点怒气值；巨绿鼠如果太无聊了也会生气——就算没人揍它每秒也会获得${p_idle_angry=(0.1)}点怒气值。每当怒气值满100时，在下一个技能生效时会消耗这些怒气并强化这个技能，然后原地晕眩，变成普通状态，失去被动<皮糙肉厚>的效果，在${p_stun_time=(15)}秒或者受到超过${p_lost_hp_percent2=(30)}%最大生命值伤害后重新起身。
被动<巨物恐惧>：老鼠也很忌惮巨绿鼠的破坏力，每当巨绿鼠的技能生效时，全场老鼠会因恐惧而晕眩${p_enemy_stun=(4)}秒，强化攻击还会使晕眩时间变更为${p_strength_enemy_stun=(8)}秒。


<大地震颤>：巨绿鼠选择R0行左${left_col0=(5)}列，跳跃到该位置的右边二格进行一次重击，击飞以自身左二格为中心距离${r0_0=(1)}格范围内的所有格子上的所有单位。随后退回同一行的右${right_col0=(1)}列，并停滞${wait0=(7/3.5/0)}秒。
<强化-泰山陨石坠>：作用范围提高至${r0_1=(2)}格。
*R0为以左${left_col0}列为中心，左右距离${r0_0}或${r0_1}格范围内（可攻击的，可被选为攻击目标的）美食单位数量最多的行。


<山崩地裂>：巨绿鼠选择R1行右${right_col1_0=(1)}列，跳跃到该位置使用蛮力掀翻自身前${num1_0=(4)}格，将范围内所有的美食单位掀飞出战斗，将所有的老鼠单位向左击飞${fly1_0=(3)}格然后重重摔在地上，使之损失${lost_hp_percent1=(25)}%当前生命值并晕眩${stun1=(6)}秒。随后退回同一行的右${right_col1_1=(1)}列，并停滞${wait1=(7/3.5/0)}秒。
<强化-地崩山摧>：固定跳到R1行的右${right_col1_2=(1)}列，掀翻的范围提高至${num1_1=(9)}格，击飞距离提高至${fly1_1=(6)}格。同时会为全场美食单位施加被动<巨物恐惧>。
*这个技能最远只能把老鼠击飞至左${left_col1=(1)}列。
*R1为右${right_col1_0}或右${right_col1_2}列起，左方正${num1_0}格或${num1_1}格范围内（可攻击的，可被选为攻击目标的）美食单位数量最多的行。

<肉弹战车>：巨绿鼠选择R2行左${left_col2_0=(4)}列，跳跃到该位置向前滚动至左${left_col2_1=(1)}列，碾压途径的所有单位，随后退回同一行的右${right_col2=(1)}列，并停滞${wait2=(7/3.5/0)}秒。
<强化-肉弹冲击>：滚动时会对相邻两行造成余震，击飞位于其上的单位。
*R2为左${left_col2_1}列至左${left_col2_0}列间（可攻击的，可被选为攻击目标的）美食单位数量最多的行。
*此技能对美食单位造成的伤害*${food_trans2=(100)}%反馈给自己，或者对老鼠单位造成的伤害*${mouse_trans2=(100)}%反馈给自己，但是通过反伤最低只能使生命值降低至${no_rebound_hp_percent2=(5)}%。",*都到这里啦就不需要提示啦！请自己发掘！,"我曾是鼠国最出众的科学家，研发过许多化学药剂，并应用于人鼠战争之中。
可以增加移动速度的粘液，无比坚固的丝线，还有……我的噩梦。
我本想研发一款可以永久加强鼠军身体素质并大幅削减痛觉的药剂，但在研发成功之前，我收获了无数份失败品。
它们有的没用任何效果，有的则是剧毒，但其中一份，它在满足了我需求的同时，也会带来注射者会失去大脑思考能力的副作用。
我感觉它有些特殊，于是在销毁失败品时，我违反了失败品必须销毁的规定，破格保留了它以及这份配方。
很快我便受到了报应。
一场洪水淹没了我的实验室，配方不见踪影，而药剂则是被滔滔大水吞没。
水灾退去后，附近小镇的老鼠们都发生了奇怪的变异——他们变得更加强大，也更为狂暴，并且逐渐失去了智慧。
我知道，这一切都是因为我。
我向鼠皇坦白了这一切，希望他给我拯救这一切的机会。却不曾想他会命令手下将这支药剂注射进我的身体……
不，不对，这不是我的药剂，我的药剂明明被淹没在洪水里……
原来我的配方，是被鼠皇拿走了啊，我想。
奇怪的是，我还有着自己的思考，但却对身体的掌控无能为力。
“不过是一些小小的改良罢了。鼠克，或许你可以离开实验室了，毕竟只有你的落下，才能让鼠国的科学领域升起更多的新星。”
随着身体的膨胀，我的灵魂像是在被撕扯。
剧痛中我无法想清楚，他是如何知晓，是我毁掉了那些学生的未来。",
19,2,列车终极,"BOSS由车头以及若干节车厢组成，它们之间紧密连接，攻击车头与车厢所造成的伤害会以一定倍率转移给BOSS本体，车头较低，车厢较高。

被动<真实的物理引擎>：列车终态拥有“真实的物理引擎”，因此在它移动的过程中车体会撞飞所有遇到的老鼠单位。
*区别对待：它想独享场上的所有美食，所以会故意不创飞美食单位。（也太牵强了吧）

「指令-润滑油滴」：收到指令的车厢会在目标点位释放润滑油滴，使其上的老鼠单位获得高额移动速度加成并免疫减速效果。

「指令-定时炸弹」：收到指令的车厢会立即启动自毁模式，启用定时炸弹，一定时间后爆炸对所有美食与老鼠单位造成3*3的灰烬处决效果。

第一阶段：<瓮中捉鳖>
-技能开始时：纵向移动将前场与后场包围，并执行强化的「指令-奇袭」。
-持续效果：前场的车厢会传送老鼠至后场车厢并反向出现，同时车厢也会不断执行「指令-奇袭」以源源不断出现老鼠。
-结束阶段：所有车厢损毁，并从里面产生特定老鼠，全场老鼠单位晕眩若干秒并受到一次灰烬效果。

第二阶段：<暗度陈仓>
-技能开始时：纵向穿过三个纵列，然后所有车厢各执行一次双向「指令-炮击」。
-持续效果：前场的车厢会传送老鼠至后场车厢，同时车厢也会以一定间隔执行「指令-炮击」。
-结束阶段：所有车厢损毁，并从里面产生特定老鼠，全场老鼠单位晕眩若干秒并受到一次灰烬效果。

第三阶段：<烽火狼烟>
-技能开始时：横向横穿偶数行，然后所有车厢各执行一次向上和向下的「指令-雾袭」与「指令-润滑油滴」。
-持续效果：前场的车厢会传送老鼠至后场车厢，老鼠会选择两侧行中老鼠数量较少的一行下车。
-结束阶段：所有车厢损毁，并从里面产生特定老鼠，全场老鼠单位晕眩若干秒并受到一次灰烬效果。

第四阶段：<冰冻三尺>
-技能开始时：横向横穿奇数行，然后所有车厢各执行一次「指令-冷凝激光」。
-持续效果：前场的车厢会传送老鼠至后场车厢，老鼠会选择两侧行中老鼠数量较少的一行下车，同时车厢也会以一定间隔执行「指令-冷凝激光」。
-结束阶段：所有车厢损毁，并从里面产生特定老鼠，全场老鼠单位晕眩若干秒并受到一次灰烬效果。

第五阶段：<破釜沉舟>： 
-技能开始时：用车厢包围整个战场，然后遗弃所有车厢并使之执行「指令-定时炸弹」。
-持续效果：车厢爆炸后，车头开始狂暴化，沿特定路径循环移动，移动时会不断以燃烧生命值为代价增加移动速度，同时将经过的路径涂上「润滑油滴」。
<紧急制动>：受到灰烬效果时会停滞若干秒，停滞完后损失一定百分比移动速度。
<动量守恒>：灰烬伤害率与普通伤害率也会随着车头的移动速度变化，一般来说移动速度越快受伤倍率越高。
<辟路先锋>：能直接把美食单位撞飞出战场，将老鼠单位撞飞正比于自身移动速度的若干格，并使之损失大量当前生命值。","BOSS由车头以及若干节车厢组成，它们之间紧密连接，攻击车头与车厢所造成的伤害会以一定倍率转移给BOSS本体，具体如下：
车头：普通伤害率=${head_normal=(1.0)}；灰烬伤害率=${head_burn=(1.0)}；
除了车尾的车厢：普通伤害率=${body_normal=(1.0)}；灰烬伤害率=${body_burn=(1.0)}；
车尾部的车厢：普通伤害率=${tail_normal=(1.0)}；灰烬伤害率=${tail_burn=(1.0)}；

被动<真实的物理引擎>：列车终态拥有“真实的物理引擎”，因此在它移动的过程中车体会撞飞所有遇到的老鼠单位。
*区别对待：它想独享场上的所有美食，所以会故意不创飞美食单位。（也太牵强了吧）

「指令-润滑油滴」：收到指令的车厢会在目标点位释放润滑油滴，使其上的老鼠单位获得${p_add_move_speed=(100)}%移动速度加成并免疫减速效果。

「指令-定时炸弹」：收到指令的车厢会立即启动自毁模式，启用定时炸弹，一定时间后爆炸对所有美食与老鼠单位造成3*3的灰烬处决效果。

第一阶段：<瓮中捉鳖>
-技能开始时：携带若干节车厢，初始从画面下方出现，途径右一、二、八、九列，最终使第一节车厢在最终列的第七行停靠，然后所有车厢各执行一次「指令-奇袭」，传送带拥有100%灰烬抗性并在${sta_wait0=(4)}秒后放出种类为${sta_type0=(19)}、变种为${sta_shape0=(1)}的老鼠（默认为摔角手鼠），晕眩${sta_stun0=(4)}秒；
停靠后所有车厢变得可被子弹击中。

-持续效果：
*非自身召唤的老鼠单位在接触场上靠右侧的车厢时会立即被传送到左侧相对的车厢处晕眩${tp_stun0=(4)}秒，然后朝右方移动。
*每过${interval0=(15)}秒车厢都会产生一只种类为${sus_type0=(0)}、变种为${sus_shape0=(8)}的老鼠，晕眩${sus_stun0=(4)}秒。（默认为机械铁锅鼠）
*此阶段最多持续${sus_wait0=(60)}秒。

-结束阶段：所有车厢损毁，并从里面产生一只种类为${des_type0=(0)}、变种为${des_shape0=(8)}的老鼠（默认为机械铁锅鼠），全场老鼠单位晕眩${des_stun0=(8)}秒并受到一次灰烬效果。

第二阶段：<暗度陈仓>
-技能开始时：携带若干节车厢，初始从画面上方出现，途径右二四六列，最终使第二节车厢在最终列的第二行停靠，然后所有车厢各执行一次双向「指令-炮击」，炮台拥有100%灰烬抗性并在${sta_wait1=(4)}秒后生效；停靠后所有车厢变得可被子弹击中。

-持续效果：
*非自身召唤的老鼠单位在接触场上靠右侧的车厢时会立即被传送到左侧相对的车厢处晕眩${tp_stun1=(4)}秒，然后朝左方移动，接触靠中侧的车厢会立即传送到该车厢另一侧。
*每过${interval1=(15)}秒左侧与右侧车厢都会执行一次<指令-炮击>。
*此阶段最多持续${sus_wait1=(60)}秒。

-结束阶段：所有车厢损毁，并从里面产生一只种类为${des_type1=(0)}、变种为${des_shape1=(8)}的老鼠（默认为机械铁锅鼠），晕眩全场老鼠单位${des_stun1=(8)}秒并受到一次灰烬效果。

第三阶段：<烽火狼烟>
-技能开始时：携带若干节车厢，初始从画面右方出现，途径第二、四、六行，最终使第一节车厢在最终行左三列停靠，然后所有车厢各执行一次向上和向下的「指令-雾袭」与「指令-润滑油滴」；停靠后所有车厢变得可被子弹击中。

-持续效果：
*老鼠在接触车厢时会立即传送至本行最靠左的车厢处，然后选择相邻两行中老鼠数量少的一行纵向移动下车，下车后晕眩${sus_stun2=(4)}秒。
*技能开始时产生的「迷雾」与「润滑油滴」会持续到本阶段结束。
*此阶段最多持续${sus_wait2=(60)}秒。

-结束阶段：所有车厢损毁，并从里面产生一只种类为${des_type2=(0)}、变种为${des_shape2=(8)}的老鼠（默认为机械铁锅鼠），晕眩全场老鼠单位${des_stun2=(8)}秒并受到一次灰烬效果。

第四阶段：<冰冻三尺>
-技能开始时：携带若干节车厢，初始从画面右方出现，途径第一、三、五、七行，最终使第一节车厢在最终行右一列停靠，然后所有车厢各执行一次「指令-冷凝激光」，激光冷凝器拥有100%灰烬抗性，对目标造成（目标冰冻损伤值*${sta_ice_trans3=(20)}）点伤害并施加${sta_ice_val3=(50)}点冰冻损伤；停靠后所有车厢变得可被子弹击中。

-持续效果：
*老鼠在接触车厢时会立即传送至本行最靠左的车厢处，然后选择相邻两行中老鼠数量少的一行纵向移动下车，下车后晕眩${sus_stun3=(4)}秒。
*每隔${interval3=(15)}秒每节车厢会各执行一次「指令-冷凝激光」，对目标造成（目标冰冻损伤值*${sus_ice_trans3=(20)}）点伤害然并施加${sus_ice_val3=(375)}点冰冻损伤。
*此阶段最多持续${sus_wait3=(60)}秒。

-结束阶段：所有车厢损毁，并从里面产生一只种类为${des_type3=(19)}、变种为${des_shape3=(2)}的老鼠（默认为特种兵鼠），晕眩全场老鼠单位${des_stun3=(8)}秒并受到一次灰烬效果。

第五阶段：<破釜沉舟>： 
-技能开始时：携带若干节车厢，途径第二行、左三列、第六行、右三列，然后车头将所有车厢卸下并消失，车厢执行「指令-定时炸弹」。

-持续效果：车头开始狂暴化，沿特定路径循环移动。
*移动期间每走一格的距离时，若当前位置没有「润滑油滴」则会留下「润滑油滴」，直至列车被击败。
<内能转化>：燃烧能量来获取动能，每秒损失${lost_hp_percent4=(1)}%当前生命值以获取加速效果，直到达到最大移动速度。
*最低移动速度${v4_0=(2)}，最高移动速度${v4_1=(10)}，移动速度会在${t4=(120)}逐渐增加至最大值。
<紧急制动>：受到灰烬效果时会停滞${burn_stun4=(1.5)}秒，最大停滞${max_burn_stun4=(7.5)}秒，晕眩完后损失${lost_speed_percent4=(25)}%移动速度。
<动量守恒>：灰烬伤害率与普通伤害率也会随着车头的移动速度变化，最小为初始车头的灰烬伤害率与普通伤害率，最大为${head_burn4=(4)}灰烬伤害率与${head_normal4=(4)}普通伤害率。
*不会因为车头被晕眩期间导致移速变为0而立即重置伤害率。
*当接触到美食单位时（无视不可选取）能直接将其撞飞至战场之外，接触老鼠单位时会将其撞飞正比于自身移动速度的距离（每1横格/秒能多撞飞0.5横格），但最左不能超过左${hit_limit_left_col4=(2)}列，最右不能超过右-0.5列，撞飞时会受到${hit_percent4=(80)}%目标当前生命值伤害，落地后晕眩${stun4=(3)}秒。
*移动路径为${row_set4=(7/6/5/4/3/2/1/1/2/3/4/5/6/7)}，其中每个数字代表行数，车头会以该行的右${right_col4=(0)}列和左${left_col4=(0)}列作为起点或终点，初始从右出现到左消失，每移动完一行下次会以反方向运动。",*都到这里啦就不需要提示啦！请自己发掘！,"“达文西先生，对于前段时间我说的鼠军们在浮空岛不良反应十分严重，大大的削减了他们的战斗力，你有想出什么解决的方法吗？”
“鼠皇大人，我想你会对这个作品感到满意的。”
达文西展示了他融合之前所研制机器的心血，打造出的最完美的列车。
“所有踏入列车的鼠军，当再次出来时，它们鲜红的心脏将跳动于坚硬的钢铁身躯之中。这个列车将源源不断为战场输送机械鼠军”
鼠克的事情传出后，达文西明白了鼠皇的阴谋，而血肉机械化是达文西想出的，拯救这些可怜鼠军的最好办法——它可以让这些老鼠不会受到变异试剂的侵扰，同时拥有作为一只鼠的思考。
唯一的缺点，是它们将会失去先前的记忆，但远比成为变异的傀儡要好，达文西想。
除此之外，新列车还拥有着十足的破坏力，可以完美的应用于战争之中。
列车出发那日，新的达文西克隆体坐进了驾驶舱，在车门关闭前，鼠皇为它绑上了一个手环。
“手环中有一个开关，以及足量的，来自鼠克的失败品。”
鼠皇看着疾驰而去的列车，笑着对一旁的达文西说。
“我在你的列车中放了足量的炸药，当这个列车不敌人类强大火力，面临被摧毁的风险时，炸药会被启动并连同车厢一起落下”
“同时，这个令人强大却会失控药剂将被注射进驾驶员的体内，与启动了后备燃料的车头一起成为毁坏战场的完美艺术。”
“达文西先生，我想你不会介意吧，毕竟担任驾驶员的是你的克隆体。”
然而他并不知道，留在这里的是达文西研发出的替身，真正的达文西趁鼠皇研究新列车时，在他的实验室布置好机关后便离开了这个国度。
当有生物再次踏入那个有着无数个不完美的达文西的实验室时，将会触动机关，让一场绚烂的烟花吞噬掉这一切。",
